-- phpMyAdmin SQL Dump
-- version 5.2.1
-- https://www.phpmyadmin.net/
--
-- Host: 127.0.0.1
-- Generation Time: Nov 27, 2024 at 12:02 PM
-- Server version: 10.4.32-MariaDB
-- PHP Version: 8.2.12

SET SQL_MODE = "NO_AUTO_VALUE_ON_ZERO";
START TRANSACTION;
SET time_zone = "+00:00";


/*!40101 SET @OLD_CHARACTER_SET_CLIENT=@@CHARACTER_SET_CLIENT */;
/*!40101 SET @OLD_CHARACTER_SET_RESULTS=@@CHARACTER_SET_RESULTS */;
/*!40101 SET @OLD_COLLATION_CONNECTION=@@COLLATION_CONNECTION */;
/*!40101 SET NAMES utf8mb4 */;

--
-- Database: `flyer_development`
--

-- --------------------------------------------------------

--
-- Table structure for table `approvals`
--

CREATE TABLE `approvals` (
  `id` int(11) NOT NULL,
  `user_id` int(11) DEFAULT NULL,
  `project_id` int(11) DEFAULT NULL,
  `design_id` int(11) DEFAULT NULL,
  `draft_id` int(11) DEFAULT NULL,
  `status` enum('approved','rejected') NOT NULL,
  `created_at` timestamp NOT NULL DEFAULT current_timestamp()
) ENGINE=InnoDB DEFAULT CHARSET=utf8mb4 COLLATE=utf8mb4_general_ci;

-- --------------------------------------------------------

--
-- Table structure for table `chat_messages`
--

CREATE TABLE `chat_messages` (
  `id` int(11) NOT NULL,
  `project_id` int(11) NOT NULL,
  `user_id` int(11) NOT NULL,
  `message` text NOT NULL,
  `created_at` timestamp NOT NULL DEFAULT current_timestamp()
) ENGINE=InnoDB DEFAULT CHARSET=utf8mb4 COLLATE=utf8mb4_general_ci;

--
-- Dumping data for table `chat_messages`
--

INSERT INTO `chat_messages` (`id`, `project_id`, `user_id`, `message`, `created_at`) VALUES
(1, 1, 3, 'D lite vegetable oil 2lt correct price is 99.99', '2024-11-26 09:09:12'),
(2, 1, 3, 'spelling for teste should be taste', '2024-11-26 09:14:13'),
(3, 1, 1, 'please expeditite the process', '2024-11-26 09:53:43'),
(4, 1, 2, 'update price', '2024-11-26 09:57:39'),
(5, 2, 3, '@designer upload file please', '2024-11-26 10:09:36'),
(6, 1, 4, 'All correct', '2024-11-26 10:16:47'),
(7, 1, 2, '@management please aproave for print', '2024-11-26 10:27:27'),
(8, 1, 1, '@designer go aahead', '2024-11-26 10:29:55'),
(9, 1, 2, 'ok do it', '2024-11-27 10:03:56'),
(10, 1, 1, 'hurry', '2024-11-27 10:11:07'),
(11, 1, 2, 'alright', '2024-11-27 10:12:22'),
(12, 2, 2, 'lets see', '2024-11-27 10:12:41'),
(13, 2, 3, 'please upload @designer', '2024-11-27 10:25:50');

-- --------------------------------------------------------

--
-- Table structure for table `check_views`
--

CREATE TABLE `check_views` (
  `user_id` int(11) NOT NULL,
  `last_viewed` timestamp NOT NULL DEFAULT current_timestamp()
) ENGINE=InnoDB DEFAULT CHARSET=utf8mb4 COLLATE=utf8mb4_general_ci;

--
-- Dumping data for table `check_views`
--

INSERT INTO `check_views` (`user_id`, `last_viewed`) VALUES
(1, '2024-11-27 10:59:57');

-- --------------------------------------------------------

--
-- Table structure for table `comments`
--

CREATE TABLE `comments` (
  `id` int(11) NOT NULL,
  `user_id` int(11) DEFAULT NULL,
  `project_id` int(11) DEFAULT NULL,
  `design_id` int(11) DEFAULT NULL,
  `draft_id` int(11) DEFAULT NULL,
  `content` text NOT NULL,
  `created_at` timestamp NOT NULL DEFAULT current_timestamp()
) ENGINE=InnoDB DEFAULT CHARSET=utf8mb4 COLLATE=utf8mb4_general_ci;

-- --------------------------------------------------------

--
-- Table structure for table `designs`
--

CREATE TABLE `designs` (
  `id` int(11) NOT NULL,
  `project_id` int(11) DEFAULT NULL,
  `file_path` varchar(255) NOT NULL,
  `version` int(11) NOT NULL,
  `status` enum('pending','approved','rejected') NOT NULL,
  `uploaded_at` timestamp NOT NULL DEFAULT current_timestamp()
) ENGINE=InnoDB DEFAULT CHARSET=utf8mb4 COLLATE=utf8mb4_general_ci;

-- --------------------------------------------------------

--
-- Table structure for table `drafts`
--

CREATE TABLE `drafts` (
  `id` int(11) NOT NULL,
  `project_id` int(11) DEFAULT NULL,
  `file_path` varchar(255) NOT NULL,
  `version` int(11) NOT NULL,
  `status` enum('pending','approved','rejected') NOT NULL,
  `uploaded_at` timestamp NOT NULL DEFAULT current_timestamp()
) ENGINE=InnoDB DEFAULT CHARSET=utf8mb4 COLLATE=utf8mb4_general_ci;

-- --------------------------------------------------------

--
-- Table structure for table `flyer_data`
--

CREATE TABLE `flyer_data` (
  `id` int(11) NOT NULL,
  `product_code` varchar(50) DEFAULT NULL,
  `product_name` varchar(100) DEFAULT NULL,
  `category_name` varchar(100) DEFAULT NULL,
  `catalog_name` varchar(100) DEFAULT NULL,
  `bulk_price` varchar(20) DEFAULT NULL,
  `current_price` decimal(10,2) DEFAULT NULL,
  `promo_price` decimal(10,2) DEFAULT NULL,
  `page_number` varchar(20) DEFAULT NULL,
  `project_id` int(11) DEFAULT NULL
) ENGINE=InnoDB DEFAULT CHARSET=utf8mb4 COLLATE=utf8mb4_general_ci;

-- --------------------------------------------------------

--
-- Table structure for table `message_views`
--

CREATE TABLE `message_views` (
  `user_id` int(11) NOT NULL,
  `last_viewed` timestamp NOT NULL DEFAULT current_timestamp()
) ENGINE=InnoDB DEFAULT CHARSET=utf8mb4 COLLATE=utf8mb4_general_ci;

--
-- Dumping data for table `message_views`
--

INSERT INTO `message_views` (`user_id`, `last_viewed`) VALUES
(1, '2024-11-27 10:04:00');

-- --------------------------------------------------------

--
-- Table structure for table `product_data`
--

CREATE TABLE `product_data` (
  `id` int(11) NOT NULL,
  `project_id` int(11) NOT NULL,
  `product_code` varchar(50) NOT NULL,
  `product_name` varchar(255) NOT NULL,
  `category_name` varchar(100) DEFAULT NULL,
  `catalogue_name` varchar(100) NOT NULL,
  `bulk_price` varchar(50) DEFAULT NULL,
  `current_sp` decimal(10,2) NOT NULL,
  `promo_sp` decimal(10,2) NOT NULL,
  `page_number` varchar(50) DEFAULT NULL
) ENGINE=InnoDB DEFAULT CHARSET=utf8mb4 COLLATE=utf8mb4_general_ci;

--
-- Dumping data for table `product_data`
--

INSERT INTO `product_data` (`id`, `project_id`, `product_code`, `product_name`, `category_name`, `catalogue_name`, `bulk_price`, `current_sp`, `promo_sp`, `page_number`) VALUES
(1, 1, '12211', 'UMOYO KOMBUCHA GING DRNK 250', 'COLD DRINK - FRUIT DRINK - WATER', 'COLD DRINK - FRUIT DRINK - WATER', ' ANY 3 FOR K26.99 ', 0.00, 26.99, 'No'),
(2, 1, '12210', 'UMOYO KOMBUCHA ORIG DRNK 250', 'COLD DRINK - FRUIT DRINK - WATER', 'COLD DRINK - FRUIT DRINK - WATER', '', 11.99, 0.00, 'No'),
(3, 1, '8906', 'FRUITOP GRANADILLA 1.5L', 'COLD DRINK - FRUIT DRINK - WATER', 'FRUITOP JUICE 1.5LT', '', 40.99, 27.99, '1'),
(4, 1, '9060', 'FRUITOP GRAPE 1.5L', 'COLD DRINK - FRUIT DRINK - WATER', 'FRUITOP JUICE 1.5LT', '', 40.99, 27.99, '1'),
(5, 1, '8907', 'FRUITOP ORANGE 1.5L', 'COLD DRINK - FRUIT DRINK - WATER', 'FRUITOP JUICE 1.5LT', '', 40.99, 27.99, '1'),
(6, 1, '8905', 'FRUITOP PINEAPPLE 1.5L', 'COLD DRINK - FRUIT DRINK - WATER', 'FRUITOP JUICE 1.5LT', '', 40.99, 27.99, '1'),
(7, 1, '1500', 'PUREJOY CRANBERRY 500ML', 'COLD DRINK - FRUIT DRINK - WATER', 'PUREJOY JUICE 500ML', '', 34.99, 24.99, 'No'),
(8, 1, '1503', 'PUREJOY GUAVA 500ML', 'COLD DRINK - FRUIT DRINK - WATER', 'PUREJOY JUICE 500ML', '', 34.99, 24.99, 'No'),
(9, 1, '1501', 'PUREJOY MANGO 500ML', 'COLD DRINK - FRUIT DRINK - WATER', 'PUREJOY JUICE 500ML', '', 34.99, 24.99, 'No'),
(10, 1, '1495', 'PUREJOY ORANGE 500ML', 'COLD DRINK - FRUIT DRINK - WATER', 'PUREJOY JUICE 500ML', '', 34.99, 24.99, 'No'),
(11, 1, '1491', 'PUREJOY PINEAPPLE 500ML', 'COLD DRINK - FRUIT DRINK - WATER', 'PUREJOY JUICE 500ML', '', 34.99, 24.99, 'No'),
(12, 1, '1492', 'PUREJOY TROPICAL 500ML', 'COLD DRINK - FRUIT DRINK - WATER', 'PUREJOY JUICE 500ML', '', 34.99, 24.99, 'No'),
(13, 1, '13482', 'RHODES NECTAR APPLE 1LT', 'COLD DRINK - FRUIT DRINK - WATER', 'RHODES NECTAR JUICE 1LT', '', 51.99, 29.99, '1'),
(14, 1, '13486', 'RHODES NECTAR GUAVA 1LT', 'COLD DRINK - FRUIT DRINK - WATER', 'RHODES NECTAR JUICE 1LT', '', 51.99, 29.99, '1'),
(15, 1, '13483', 'RHODES NECTAR MEDITERRANE 1LT', 'COLD DRINK - FRUIT DRINK - WATER', 'RHODES NECTAR JUICE 1LT', '', 51.99, 29.99, '1'),
(16, 1, '13484', 'RHODES NECTAR RED GRAPE 1LT', 'COLD DRINK - FRUIT DRINK - WATER', 'RHODES NECTAR JUICE 1LT', '', 51.99, 29.99, '1'),
(17, 1, '13485', 'RHODES NECTAR TROPICAL 1LT', 'COLD DRINK - FRUIT DRINK - WATER', 'RHODES NECTAR JUICE 1LT', '', 51.99, 29.99, '1'),
(18, 1, '12346', 'MIRINDA ORANGE 500ML', 'COLD DRINK - FRUIT DRINK - WATER', 'MIRINDA/PEPSI/MOUNTAIN DEW/7UP 500ML', ' 12 PACK K99.99 ', 10.49, 99.99, '2'),
(19, 1, '12347', 'MIRINDA FRUITY 500ML', 'COLD DRINK - FRUIT DRINK - WATER', 'MIRINDA/PEPSI/MOUNTAIN DEW/7UP 500ML', ' 12 PACK K99.99 ', 10.49, 0.00, '2'),
(20, 1, '12350', 'PEPSI 500ML PET', 'COLD DRINK - FRUIT DRINK - WATER', 'MIRINDA/PEPSI/MOUNTAIN DEW/7UP 500ML', ' 12 PACK K99.99 ', 10.49, 0.00, '2'),
(21, 1, '12720', 'PEPSI MAX 500ML PET', 'COLD DRINK - FRUIT DRINK - WATER', 'MIRINDA/PEPSI/MOUNTAIN DEW/7UP 500ML', ' 12 PACK K99.99 ', 10.49, 0.00, '2'),
(22, 1, '12348', 'MOUNTAIN DEW 500ML', 'COLD DRINK - FRUIT DRINK - WATER', 'MIRINDA/PEPSI/MOUNTAIN DEW/7UP 500ML', ' 12 PACK K99.99 ', 10.49, 0.00, '2'),
(23, 1, '12345', '7 UP 500 ML PET', 'COLD DRINK - FRUIT DRINK - WATER', 'MIRINDA/PEPSI/MOUNTAIN DEW/7UP 500ML', ' 12 PACK K99.99 ', 10.49, 0.00, '2'),
(24, 1, '13608', 'YESS JUICE FRUIT PUNCH 430ML', 'COLD DRINK - FRUIT DRINK - WATER', 'YESS JUICE 430ML', ' 12 PACK K55.99 ', 7.49, 55.99, 'No'),
(25, 1, '13607', 'YESS JUICE GUAVA 430ML', 'COLD DRINK - FRUIT DRINK - WATER', 'YESS JUICE 430ML', ' 12 PACK K55.99 ', 7.49, 0.00, 'No'),
(26, 1, '13605', 'YESS JUICE PINEAPPLE 430ML', 'COLD DRINK - FRUIT DRINK - WATER', 'YESS JUICE 430ML', ' 12 PACK K55.99 ', 7.49, 0.00, 'No'),
(27, 1, '13606', 'YESS JUICE MANGO 430ML', 'COLD DRINK - FRUIT DRINK - WATER', 'YESS JUICE 430ML', ' 12 PACK K55.99 ', 7.49, 0.00, 'No'),
(28, 1, '9122', 'VATRA 500ML', 'COLD DRINK - FRUIT DRINK - WATER', 'VATRA 500ML', ' 12 PACK K45.99 ', 5.49, 44.99, 'No'),
(29, 1, '13487', 'LIFEWAY SHOT ALOE VERA 200ML', 'COLD DRINK - FRUIT DRINK - WATER', 'LIFEWAY SHOT 200ML', ' 12 PACK K89.99 ', 10.49, 89.99, '2'),
(30, 1, '13490', 'LIFEWAY SHOT B LEMON GRAS 200', 'COLD DRINK - FRUIT DRINK - WATER', 'LIFEWAY SHOT 200ML', '', 10.49, 0.00, '2'),
(31, 1, '13491', 'LIFEWAY SHOT BEETROOT 200ML', 'COLD DRINK - FRUIT DRINK - WATER', 'LIFEWAY SHOT 200ML', '', 10.49, 0.00, '2'),
(32, 1, '13488', 'LIFEWAY SHOT GINGER TANGA 200', 'COLD DRINK - FRUIT DRINK - WATER', 'LIFEWAY SHOT 200ML', '', 10.49, 0.00, '2'),
(33, 1, '13489', 'LIFEWAY SHOT TAMARND KAWA 20O', 'COLD DRINK - FRUIT DRINK - WATER', 'LIFEWAY SHOT 200ML', '', 10.49, 0.00, '2'),
(34, 1, '13357', 'BROTHERS COSMO MOCKT CAN 330M', 'COLD DRINK - FRUIT DRINK - WATER', 'BROTHERS MOCKTAILS 330ML', ' 6 FOR K59.99 ', 13.49, 59.99, 'No'),
(35, 1, '13359', 'BROTHERS MOJITO MOCKT CAN 330', 'COLD DRINK - FRUIT DRINK - WATER', '', '', 13.49, 0.00, 'No'),
(36, 1, '13360', 'BROTHERS STRW LIM MOC CAN 330', 'COLD DRINK - FRUIT DRINK - WATER', '', '', 13.49, 0.00, 'No'),
(37, 1, '12968', 'NESTLE CREMORA COF CREAM 750G', 'DAIRY PRODUCTS', 'NESTLE CREMORA COFFEE 750GM', '', 116.99, 89.99, '1'),
(38, 1, '7973', 'CAD BOURNVILLE DARK CHO 150GM', 'CONFECTIONARY & CHOCOLATES', 'CADBURY DAIRY MILK 150GM', '', 64.99, 38.99, '2'),
(39, 1, '3082', 'CAD DAIRY MILK 150GM', 'CONFECTIONARY & CHOCOLATES', 'CADBURY DAIRY MILK 150GM', '', 64.99, 38.99, '1'),
(40, 1, '850', 'CAD DAIRYMILK FRUIT N NT 150G', 'CONFECTIONARY & CHOCOLATES', 'CADBURY DAIRY MILK 150GM', '', 64.99, 38.99, '1'),
(41, 1, '3007', 'CAD DAIRYMILK TOPDECK 150GM', 'CONFECTIONARY & CHOCOLATES', 'CADBURY DAIRY MILK 150GM', '', 64.99, 38.99, '1'),
(42, 1, '838', 'CAD DAIRYMILK WHOLE NUT 150GM', 'CONFECTIONARY & CHOCOLATES', 'CADBURY DAIRY MILK 150GM', '', 64.99, 38.99, '1'),
(43, 1, '3454', 'CAD MINT CRISP 150 GM', 'CONFECTIONARY & CHOCOLATES', 'CADBURY DAIRY MILK 150GM', '', 64.99, 38.99, '1'),
(44, 1, '4646', 'CAD LUNCH BAR DREAM CHOC 48GM', 'CONFECTIONARY & CHOCOLATES', 'CADBURY LUNCH BAR 48GM', '', 23.99, 14.99, '2'),
(45, 1, '854', 'CAD LUNCH BAR- BIG 48GM', 'CONFECTIONARY & CHOCOLATES', 'CADBURY LUNCH BAR 48GM', '', 23.99, 14.99, '2'),
(46, 1, '864', 'CAD PS CARA MILK 48 GM', 'CONFECTIONARY & CHOCOLATES', 'CADBURY LUNCH BAR 48GM', '', 23.99, 14.99, '2'),
(47, 1, '9280', 'CAD PS CDM 48 GM', 'CONFECTIONARY & CHOCOLATES', 'CADBURY LUNCH BAR 48GM', '', 23.99, 14.99, '2'),
(48, 1, '13194', 'WINDMILL LEMON CREAMS 200GM', 'BISCUITS', 'WINDMILL LEMON CREAMS BISCUIT 200GM', ' 3 FOR K35.99 ', 20.99, 35.99, '2'),
(49, 1, '13193', 'WINDMILL MARIE BISCUITS 140GM', 'BISCUITS', 'WINDMILL MARIE BISCUIT 140GM', ' 3 FOR K35.99 ', 20.99, 35.99, 'No'),
(50, 1, '9169', 'COOKIE JOE SHORTIES 110GM', 'BISCUITS', 'COOKIE JOE SHORTIES BISCUIT 110GM', ' 5 FOR K29.99 ', 9.99, 29.99, '2'),
(51, 1, '11314', 'COOKIE JOE GINGER COOKIE 90GM', 'BISCUITS', 'COOKIES JOE GINGER BISCUIT 90GM', ' 5 FOR K29.99 ', 8.99, 29.99, 'No'),
(52, 1, '7460', 'ULTRA MARGARINE LOW FAT BRICK', 'DAIRY PRODUCTS', 'ULTRA MARGARINE LOW FAT BRICK', '', 25.99, 16.99, '2'),
(53, 1, '672', 'QUICK BREW TEA BAGS 100PCS', 'TEA & COFFEE', 'QUICK BREW TEA BAGS 100S', '', 84.99, 59.99, '2'),
(54, 1, '6989', 'JACOBS KRONUNG 200GM', 'TEA & COFFEE', 'JACOBS KRONUNG 200GM', '', 349.99, 249.99, '1'),
(55, 1, '13584', 'UMOYO T BAG EUCAL & LEMON 20S', 'TEA & COFFEE', 'UMOYO TEA BAG 20S', '', 38.99, 28.99, 'NO'),
(56, 1, '13586', 'UMOYO T BAG GING & LEOMGR 20S', 'TEA & COFFEE', 'UMOYO TEA BAG  20S', '', 38.99, 28.99, 'NO'),
(57, 1, '13585', 'UMOYO T BAG MOR LEM & GIN 20S', 'TEA & COFFEE', 'UMOYO TEA BAG  20S', '', 38.99, 28.99, 'NO'),
(58, 1, '13583', 'UMOYO T BAG PURE GINGER 20S', 'TEA & COFFEE', 'UMOYO TEA BAG  20S', '', 38.99, 28.99, 'NO'),
(59, 1, '13587', 'UMOYO T BAG TUR & BLK PEP 20S', 'TEA & COFFEE', 'UMOYO TEA BAG  20S', '', 38.99, 28.99, 'NO'),
(60, 1, '8563', 'D LITE VEGETABLE OIL 2LT', 'EDIBLE OIL & GHEE', 'D LITE VEGETABLE OIL 2LT', '', 123.99, 99.99, '1'),
(61, 1, '5066', 'ZAMGOLD VEGETABLE OIL 5LT', 'EDIBLE OIL & GHEE', 'ZAMGOLD 5LT', '', 0.00, 264.99, '2'),
(62, 1, '13448', 'NESTLE MILO 500 GM POUCH', 'BABY FOOD- HEALTH FOOD & HEALT', 'NESTLE MILO POUCH 500GM', '', 139.99, 89.99, '2'),
(63, 1, '13619', 'JUNGLE OATS 2KG PLS', 'BABY FOOD- HEALTH FOOD & HEALT', 'JUNGLE OATS 2KG', '', 109.99, 69.99, '1'),
(64, 1, '13121', 'WILDERBEE HONEY 500GM', 'BABY FOOD- HEALTH FOOD & HEALT', 'WILDERBEE HONEY 500GM', '', 44.99, 29.99, '2'),
(65, 1, '13591', 'UMOYO INST PORR SUG FREE 500G', 'BABY FOOD- HEALTH FOOD & HEALT', 'UMOYO INSTANT PORRIDGE 500GM', '', 46.99, 39.99, 'No'),
(66, 1, '2567', 'D LITE GROWN UP BANANA 500GM', 'BABY FOOD- HEALTH FOOD & HEALT', 'D LITE GROWN UP 500GM', '', 50.99, 35.99, '2'),
(67, 1, '2550', 'D LITE GROWN UP CHOC 500GM', 'BABY FOOD- HEALTH FOOD & HEALT', 'D LITE GROWN UP 500GM', '', 50.99, 35.99, '2'),
(68, 1, '2555', 'D LITE GROWN UP STRBRY 500GM', 'BABY FOOD- HEALTH FOOD & HEALT', 'D LITE GROWN UP 500GM', '', 50.99, 35.99, '2'),
(69, 1, '2580', 'D LITE GROWN UP WHEAT 500GM', 'BABY FOOD- HEALTH FOOD & HEALT', 'D LITE GROWN UP 500GM', '', 50.99, 35.99, '2'),
(70, 1, '3249', 'RHODES TOM PASTE 115GM CUP', 'INSTANT FOOD - READY TO EAT', 'RHODES TOMATO PASTE 115GM', '', 19.99, 12.99, 'No'),
(71, 1, '12385', 'BIGTREE CORN FLAKES 1KG', 'BABY FOOD- HEALTH FOOD & HEALT', 'BIGTREE CORNFLAKES 1KG', '', 106.99, 79.99, '1'),
(72, 1, '12825', 'BIGTREE BINTO BEEF NOODLE 70G', 'INSTANT FOOD - READY TO EAT', 'BIGTREE BINTO NOODLE 70GM', ' 6 for K29.99 ', 7.49, 29.99, '2'),
(73, 1, '12823', 'BIGTREE BINTO CHCKN NOODLE 70', 'INSTANT FOOD - READY TO EAT', 'BIGTREE BINTO NOODLE 70GM', '', 7.49, 0.00, '2'),
(74, 1, '12824', 'BIGTREE BINTO VEG NOODLE 70G', 'INSTANT FOOD - READY TO EAT', 'BIGTREE BINTO NOODLE 70GM', '', 7.49, 0.00, '2'),
(75, 1, '12981', 'GOLDEN FOODS SMOOTH P/BUT 1KG', 'INSTANT FOOD - READY TO EAT', 'GOLDEN FOODS SMOOTH PEANUT BUTTER 1KG', '', 72.99, 49.99, '1'),
(76, 1, '13653', 'BEST BUY BAKED BEANS 410GM', 'INSTANT FOOD - READY TO EAT', 'BEST BUY BAKED BEANS 410GM', '', 24.99, 14.99, '2'),
(77, 1, '3159', 'GOLDEN BEEF SOYA PIECES90GM', 'INSTANT FOOD - READY TO EAT', 'GOLDEN BEEF SOYA 90GM', ' 3 FOR K14.99 ', 8.49, 14.99, 'No'),
(78, 1, '3154', 'GOLDEN CHIKEN SOYA PIECES 90G', 'INSTANT FOOD - READY TO EAT', 'GOLDEN BEEF SOYA 90GM', '', 8.49, 0.00, 'No'),
(79, 1, '3179', 'BIC 1 5S NORMAL POUCH', 'COSMETICS', 'BIC 5S', '', 30.99, 24.99, 'No'),
(80, 1, '2359', 'BIC 1 LADY 5S', 'COSMETICS', 'BIC 5S', '', 30.99, 24.99, 'No'),
(81, 1, '1559', 'BIC 1 SENSITIVE 5PCS', 'COSMETICS', 'BIC 5S', '', 30.99, 24.99, 'No'),
(82, 1, '872', 'LAYS CARIBBEAN ONION 105GM', 'SAVOURY & DRY FRUITS', 'LAYS 105GM', '', 38.99, 27.99, '1'),
(83, 1, '3257', 'LAYS SALTED 105GM', 'SAVOURY & DRY FRUITS', 'LAYS 105GM', '', 38.99, 27.99, '1'),
(84, 1, '876', 'LAYS SPRING ONION N CHE 105GM', 'SAVOURY & DRY FRUITS', 'LAYS 105GM', '', 38.99, 27.99, '1'),
(85, 1, '12393', 'LAYS SWEET&SMOKY AMER BBQ 105', 'SAVOURY & DRY FRUITS', 'LAYS 105GM', '', 38.99, 27.99, '1'),
(86, 1, '877', 'LAYS THAI SWEET CHILLI 105GM', 'SAVOURY & DRY FRUITS', 'LAYS 105GM', '', 38.99, 27.99, '1'),
(87, 1, '12729', 'SEBAS EMILIOS CRN PUF CHE 200', 'SAVOURY & DRY FRUITS', 'SEBAS EMILIOS CORN PUFF 200', '', 20.99, 9.99, '2'),
(88, 1, '12728', 'SEBAS EMILIOS CRN PUF TOM 200', 'SAVOURY & DRY FRUITS', 'SEBAS EMILIOS CORN PUFF 200', '', 20.99, 9.99, '2'),
(89, 1, '13122', 'HUGG DRY COMFORT SIZE 2- 32S', 'SANITARY NAPKINS - DIAPERS', 'HUGGIES DRY COMFORT', '', 221.99, 169.99, 'No'),
(90, 1, '13123', 'HUGG DRY COMFORT SIZE 3- 30S', 'SANITARY NAPKINS - DIAPERS', 'HUGGIES DRY COMFORT', '', 221.99, 169.99, 'No'),
(91, 1, '13124', 'HUGG DRY COMFORT SIZE 4- 28S', 'SANITARY NAPKINS - DIAPERS', 'HUGGIES DRY COMFORT', '', 218.99, 169.99, 'No'),
(92, 1, '13125', 'HUGG DRY COMFORT SIZE 5- 26S', 'SANITARY NAPKINS - DIAPERS', 'HUGGIES DRY COMFORT', '', 218.99, 169.99, 'No'),
(93, 1, '9288', 'HINDS BARBEQUE SPICE 65GM', 'SPICES', 'HIND MIX SPICES', '', 25.99, 15.99, '2'),
(94, 1, '9289', 'HINDS CHICKEN SPICE 85GM', 'SPICES', 'HIND MIX SPICES', '', 25.99, 15.99, '2'),
(95, 1, '9290', 'HINDS CHIP SEASONING 80GM', 'SPICES', 'HIND MIX SPICES', '', 25.99, 15.99, '2'),
(96, 1, '9292', 'HINDS HERBS PARSLEY 12GM', 'SPICES', 'HIND MIX SPICES', '', 25.99, 15.99, '2'),
(97, 1, '9294', 'HINDS MIXED HERBS 18GM', 'SPICES', 'HIND MIX SPICES', '', 25.99, 15.99, '2'),
(98, 1, '9963', 'HINDS PAPRIKA SPICE 55GM', 'SPICES', 'HIND MIX SPICES', '', 25.99, 15.99, '2'),
(99, 1, '10067', 'HINDS POTATO SPICE 60GM', 'SPICES', 'HIND MIX SPICES', '', 25.99, 15.99, '2'),
(100, 1, '11116', 'HINDS SPICE FOR RICE 90GM', 'SPICES', 'HIND MIX SPICES', '', 25.99, 15.99, '2'),
(101, 1, '11117', 'HINDS SPICE PORT CHICKEN 75GM', 'SPICES', 'HIND MIX SPICES', '', 25.99, 15.99, '2'),
(102, 1, '11185', 'HINDS STEAK & CHOPS SPICE 80G', 'SPICES', 'HIND MIX SPICES', '', 25.99, 15.99, '2'),
(103, 1, '11375', 'HINDS TURMERIC SPICE 60GM', 'SPICES', 'HIND MIX SPICES', '', 25.99, 15.99, '2'),
(104, 1, '2817', 'BISTO ORG GRAVY PWDR 250GM', 'SPICES', 'BISTO ORIGINAL SPICES 250GM', '', 29.99, 15.99, '2'),
(105, 1, '6815', 'ROYCO CHICKEN MCHUZI MIX 200G', 'SPICES', 'ROYCO MXHUZI MIX 200GM', '', 35.99, 22.99, '2'),
(106, 1, '4894', 'ROYCO SPICY BEEF 200GM', 'SPICES', 'SPICES', '', 35.99, 22.99, '2'),
(107, 1, '4273', 'DADDIES CHILLI GARLIC 375ML', 'JAM - JELLY - KETCHUP - SAUCES', 'DADDIES CHILLI SAUCE 375ML', '', 22.99, 16.99, 'No'),
(108, 1, '7513', 'DADDIES CHILLI SAUCE 375 ML', 'JAM - JELLY - KETCHUP - SAUCES', 'DADDIES CHILLI SAUCE 375ML', '', 22.99, 16.99, 'No'),
(109, 1, '4274', 'DADDIES GARLIC SAUCE 375ML', 'JAM - JELLY - KETCHUP - SAUCES', 'DADDIES CHILLI SAUCE 375ML', '', 22.99, 16.99, 'No'),
(110, 1, '4272', 'DADDIES SWEET CHILI SAUCE 375', 'JAM - JELLY - KETCHUP - SAUCES', 'DADDIES CHILLI SAUCE 375ML', '', 22.99, 16.99, 'No'),
(111, 1, '7514', 'DADDIES TOMATO KETCHUP 375 ML', 'JAM - JELLY - KETCHUP - SAUCES', 'DADDIES CHILLI SAUCE 375ML', '', 22.99, 16.99, 'No'),
(112, 1, '12785', 'SUNLIGH PWD REGU 2 IN 1 5KG', 'WASHING AID & DETERGENTS', 'SUNLIGHT POWDER 5KG', '', 290.99, 189.99, '1'),
(113, 1, '5684', 'HANDY ANDY EUCALYPTUS 750 ML', 'CLEANING MATERIALS', 'HANDY ANDY 750ML', '', 52.99, 32.99, '2'),
(114, 1, '2857', 'HANDY ANDY LAVENDER 750ML', 'CLEANING MATERIALS', 'HANDY ANDY 750ML', '', 52.99, 32.99, '2'),
(115, 1, '699', 'HANDY ANDY LEMON 750ML', 'CLEANING MATERIALS', 'HANDY ANDY 750ML', '', 52.99, 32.99, '2'),
(116, 1, '2791', 'HANDY ANDY POTPOURRI 750ML', 'CLEANING MATERIALS', 'HANDY ANDY 750ML', '', 52.99, 32.99, '2'),
(117, 1, '4924', 'FLYING FISH NRB 330ML', 'BEERS & CIDERS', 'FLYING FISH NRB 330ML', '6 Pack K99.99', 22.99, 99.99, '2'),
(118, 1, '2520', 'CARLING BLACK LABEL NRB 330ML', 'BEERS & CIDERS', 'CARLING BLACK LABEL NRB 330ML', '6 Pack K79.99', 18.49, 79.99, '2'),
(119, 1, '8991', 'CORONA EXTRA 355 ML', 'BEERS & CIDERS', 'CORONA EXTRA 335ML', '6 PACK K139.99', 29.99, 139.99, '2'),
(120, 1, '2114', 'JAMESON IRISH WHISKY 750ML', 'SPIRITS & WINES', 'JAMESON IRISH WHISKY 750ML', '', 533.99, 399.99, '2'),
(121, 1, '2468', 'AMARULA 750ML', 'SPIRITS & WINES', 'AMRULA 750ML', '', 297.99, 229.99, '2'),
(122, 1, '11222', 'CASTLE LITE CAN 500ML', 'BEERS & CIDERS', '', '', 0.00, 99.99, 'No'),
(123, 1, '13133', 'OH SO HEAVEN FB BERRY BUBB 2L', 'BATH SOAPS - SHOWER GEL & HAND', 'OH SO HEAVEN FOAM BATH 2LT', '', 120.99, 89.99, '2'),
(124, 1, '13135', 'OH SO HEAVEN FB BUBB OVER 2L', 'BATH SOAPS - SHOWER GEL & HAND', 'OH SO HEAVEN FOAM BATH 2LT', '', 120.99, 89.99, '2'),
(125, 1, '13134', 'OH SO HEAVEN FB CREME CARE 2L', 'BATH SOAPS - SHOWER GEL & HAND', 'OH SO HEAVEN FOAM BATH 2LT', '', 120.99, 89.99, '2'),
(126, 1, '13137', 'OH SO HEAVEN FB ISLAND BLI 2L', 'BATH SOAPS - SHOWER GEL & HAND', 'OH SO HEAVEN FOAM BATH 2LT', '', 120.99, 89.99, '2'),
(127, 1, '13136', 'OH SO HEAVEN FB RELAX ROSE 2L', 'BATH SOAPS - SHOWER GEL & HAND', 'OH SO HEAVEN FOAM BATH 2LT', '', 120.99, 89.99, '2'),
(128, 1, '5783', 'HYGIENIX SOAP CITRUS 175GM', 'BATH SOAPS - SHOWER GEL & HAND', 'HYGIENIX SOAP 175GM', '', 20.99, 14.99, '2'),
(129, 1, '5791', 'HYGIENIX SOAP SENSITIVE 175GM', 'BATH SOAPS - SHOWER GEL & HAND', 'HYGIENIX SOAP 175GM', '', 20.99, 14.99, '2'),
(130, 1, '5784', 'HYGIENIX SOAP HERBAL 175GM', 'BATH SOAPS - SHOWER GEL & HAND', 'HYGIENIX SOAP 175GM', '', 20.99, 14.99, '2'),
(131, 1, '5785', 'HYGIENIX SOAP ICY COOL 175GM', 'BATH SOAPS - SHOWER GEL & HAND', 'HYGIENIX SOAP 175GM', '', 20.99, 14.99, '2'),
(132, 1, '13241', 'HYGIENIX SOAP EVENTONE 175GM', 'BATH SOAPS - SHOWER GEL & HAND', 'HYGIENIX SOAP 175GM', '', 20.99, 14.99, '2'),
(133, 1, '5786', 'HYGIENIX SOAP ACTIVE 175GM', 'BATH SOAPS - SHOWER GEL & HAND', 'HYGIENIX SOAP 175GM', '', 20.99, 14.99, '2'),
(134, 1, '13240', 'HYGIENIX SOAP CHARCOAL 175GM', 'BATH SOAPS - SHOWER GEL & HAND', 'HYGIENIX SOAP 175GM', '', 20.99, 14.99, '2'),
(135, 1, '5796', 'HYGIENIX SOAP ORIGINAL 175GM', 'BATH SOAPS - SHOWER GEL & HAND', 'HYGIENIX SOAP 175GM', '', 20.99, 14.99, '2'),
(136, 1, '797', 'DOOM ODOURLESS MULTI IN 300ML', 'INSECTISIDE & MOSQUITO REPELLN', 'DOOM SUPER/DOURLESS 300ML', '', 49.99, 29.99, '1'),
(137, 1, '795', 'DOOM SUPER MULTI INSECT 300ML', 'INSECTISIDE & MOSQUITO REPELLN', 'DOOM SUPER/DOURLESS 300ML', '', 49.99, 29.99, '1'),
(138, 1, '13179', 'COMPACT TISSUE RED 18S', 'PAPER PRODUCTS', 'COMPAQ TISSUE RED 18S', '', 215.99, 159.99, '1'),
(139, 1, '7434', 'COLGATE TB ZIGZAG 1PC', 'DENTAL CARE - ORAL CARE', 'COLGATE TOOTHBRUSH ZIGZAG 1S', '', 35.99, 19.99, '2'),
(1408, 2, '12211', 'UMOYO KOMBUCHA GING DRNK 250', 'COLD DRINK - FRUIT DRINK - WATER', 'COLD DRINK - FRUIT DRINK - WATER', ' ANY 3 FOR K26.99 ', 0.00, 26.99, 'No'),
(1409, 2, '12210', 'UMOYO KOMBUCHA ORIG DRNK 250', 'COLD DRINK - FRUIT DRINK - WATER', 'COLD DRINK - FRUIT DRINK - WATER', '', 11.99, 0.00, 'No'),
(1410, 2, '8906', 'FRUITOP GRANADILLA 1.5L', 'COLD DRINK - FRUIT DRINK - WATER', 'FRUITOP JUICE 1.5LT', '', 40.99, 27.99, '1'),
(1411, 2, '9060', 'FRUITOP GRAPE 1.5L', 'COLD DRINK - FRUIT DRINK - WATER', 'FRUITOP JUICE 1.5LT', '', 40.99, 27.99, '1'),
(1412, 2, '8907', 'FRUITOP ORANGE 1.5L', 'COLD DRINK - FRUIT DRINK - WATER', 'FRUITOP JUICE 1.5LT', '', 40.99, 27.99, '1'),
(1413, 2, '8905', 'FRUITOP PINEAPPLE 1.5L', 'COLD DRINK - FRUIT DRINK - WATER', 'FRUITOP JUICE 1.5LT', '', 40.99, 27.99, '1'),
(1414, 2, '1500', 'PUREJOY CRANBERRY 500ML', 'COLD DRINK - FRUIT DRINK - WATER', 'PUREJOY JUICE 500ML', '', 34.99, 24.99, 'No'),
(1415, 2, '1503', 'PUREJOY GUAVA 500ML', 'COLD DRINK - FRUIT DRINK - WATER', 'PUREJOY JUICE 500ML', '', 34.99, 24.99, 'No'),
(1416, 2, '1501', 'PUREJOY MANGO 500ML', 'COLD DRINK - FRUIT DRINK - WATER', 'PUREJOY JUICE 500ML', '', 34.99, 24.99, 'No'),
(1417, 2, '1495', 'PUREJOY ORANGE 500ML', 'COLD DRINK - FRUIT DRINK - WATER', 'PUREJOY JUICE 500ML', '', 34.99, 24.99, 'No'),
(1418, 2, '1491', 'PUREJOY PINEAPPLE 500ML', 'COLD DRINK - FRUIT DRINK - WATER', 'PUREJOY JUICE 500ML', '', 34.99, 24.99, 'No'),
(1419, 2, '1492', 'PUREJOY TROPICAL 500ML', 'COLD DRINK - FRUIT DRINK - WATER', 'PUREJOY JUICE 500ML', '', 34.99, 24.99, 'No'),
(1420, 2, '13482', 'RHODES NECTAR APPLE 1LT', 'COLD DRINK - FRUIT DRINK - WATER', 'RHODES NECTAR JUICE 1LT', '', 51.99, 29.99, '1'),
(1421, 2, '13486', 'RHODES NECTAR GUAVA 1LT', 'COLD DRINK - FRUIT DRINK - WATER', 'RHODES NECTAR JUICE 1LT', '', 51.99, 29.99, '1'),
(1422, 2, '13483', 'RHODES NECTAR MEDITERRANE 1LT', 'COLD DRINK - FRUIT DRINK - WATER', 'RHODES NECTAR JUICE 1LT', '', 51.99, 29.99, '1'),
(1423, 2, '13484', 'RHODES NECTAR RED GRAPE 1LT', 'COLD DRINK - FRUIT DRINK - WATER', 'RHODES NECTAR JUICE 1LT', '', 51.99, 29.99, '1'),
(1424, 2, '13485', 'RHODES NECTAR TROPICAL 1LT', 'COLD DRINK - FRUIT DRINK - WATER', 'RHODES NECTAR JUICE 1LT', '', 51.99, 29.99, '1'),
(1425, 2, '12346', 'MIRINDA ORANGE 500ML', 'COLD DRINK - FRUIT DRINK - WATER', 'MIRINDA/PEPSI/MOUNTAIN DEW/7UP 500ML', ' 12 PACK K99.99 ', 10.49, 99.99, '2'),
(1426, 2, '12347', 'MIRINDA FRUITY 500ML', 'COLD DRINK - FRUIT DRINK - WATER', 'MIRINDA/PEPSI/MOUNTAIN DEW/7UP 500ML', ' 12 PACK K99.99 ', 10.49, 0.00, '2'),
(1427, 2, '12350', 'PEPSI 500ML PET', 'COLD DRINK - FRUIT DRINK - WATER', 'MIRINDA/PEPSI/MOUNTAIN DEW/7UP 500ML', ' 12 PACK K99.99 ', 10.49, 0.00, '2'),
(1428, 2, '12720', 'PEPSI MAX 500ML PET', 'COLD DRINK - FRUIT DRINK - WATER', 'MIRINDA/PEPSI/MOUNTAIN DEW/7UP 500ML', ' 12 PACK K99.99 ', 10.49, 0.00, '2'),
(1429, 2, '12348', 'MOUNTAIN DEW 500ML', 'COLD DRINK - FRUIT DRINK - WATER', 'MIRINDA/PEPSI/MOUNTAIN DEW/7UP 500ML', ' 12 PACK K99.99 ', 10.49, 0.00, '2'),
(1430, 2, '12345', '7 UP 500 ML PET', 'COLD DRINK - FRUIT DRINK - WATER', 'MIRINDA/PEPSI/MOUNTAIN DEW/7UP 500ML', ' 12 PACK K99.99 ', 10.49, 0.00, '2'),
(1431, 2, '13608', 'YESS JUICE FRUIT PUNCH 430ML', 'COLD DRINK - FRUIT DRINK - WATER', 'YESS JUICE 430ML', ' 12 PACK K55.99 ', 7.49, 55.99, 'No'),
(1432, 2, '13607', 'YESS JUICE GUAVA 430ML', 'COLD DRINK - FRUIT DRINK - WATER', 'YESS JUICE 430ML', ' 12 PACK K55.99 ', 7.49, 0.00, 'No'),
(1433, 2, '13605', 'YESS JUICE PINEAPPLE 430ML', 'COLD DRINK - FRUIT DRINK - WATER', 'YESS JUICE 430ML', ' 12 PACK K55.99 ', 7.49, 0.00, 'No'),
(1434, 2, '13606', 'YESS JUICE MANGO 430ML', 'COLD DRINK - FRUIT DRINK - WATER', 'YESS JUICE 430ML', ' 12 PACK K55.99 ', 7.49, 0.00, 'No'),
(1435, 2, '9122', 'VATRA 500ML', 'COLD DRINK - FRUIT DRINK - WATER', 'VATRA 500ML', ' 12 PACK K45.99 ', 5.49, 44.99, 'No'),
(1436, 2, '13487', 'LIFEWAY SHOT ALOE VERA 200ML', 'COLD DRINK - FRUIT DRINK - WATER', 'LIFEWAY SHOT 200ML', ' 12 PACK K89.99 ', 10.49, 89.99, '2'),
(1437, 2, '13490', 'LIFEWAY SHOT B LEMON GRAS 200', 'COLD DRINK - FRUIT DRINK - WATER', 'LIFEWAY SHOT 200ML', '', 10.49, 0.00, '2'),
(1438, 2, '13491', 'LIFEWAY SHOT BEETROOT 200ML', 'COLD DRINK - FRUIT DRINK - WATER', 'LIFEWAY SHOT 200ML', '', 10.49, 0.00, '2'),
(1439, 2, '13488', 'LIFEWAY SHOT GINGER TANGA 200', 'COLD DRINK - FRUIT DRINK - WATER', 'LIFEWAY SHOT 200ML', '', 10.49, 0.00, '2'),
(1440, 2, '13489', 'LIFEWAY SHOT TAMARND KAWA 20O', 'COLD DRINK - FRUIT DRINK - WATER', 'LIFEWAY SHOT 200ML', '', 10.49, 0.00, '2'),
(1441, 2, '13357', 'BROTHERS COSMO MOCKT CAN 330M', 'COLD DRINK - FRUIT DRINK - WATER', 'BROTHERS MOCKTAILS 330ML', ' 6 FOR K59.99 ', 13.49, 59.99, 'No'),
(1442, 2, '13359', 'BROTHERS MOJITO MOCKT CAN 330', 'COLD DRINK - FRUIT DRINK - WATER', '', '', 13.49, 0.00, 'No'),
(1443, 2, '13360', 'BROTHERS STRW LIM MOC CAN 330', 'COLD DRINK - FRUIT DRINK - WATER', '', '', 13.49, 0.00, 'No'),
(1444, 2, '12968', 'NESTLE CREMORA COF CREAM 750G', 'DAIRY PRODUCTS', 'NESTLE CREMORA COFFEE 750GM', '', 116.99, 89.99, '1'),
(1445, 2, '7973', 'CAD BOURNVILLE DARK CHO 150GM', 'CONFECTIONARY & CHOCOLATES', 'CADBURY DAIRY MILK 150GM', '', 64.99, 38.99, '2'),
(1446, 2, '3082', 'CAD DAIRY MILK 150GM', 'CONFECTIONARY & CHOCOLATES', 'CADBURY DAIRY MILK 150GM', '', 64.99, 38.99, '1'),
(1447, 2, '850', 'CAD DAIRYMILK FRUIT N NT 150G', 'CONFECTIONARY & CHOCOLATES', 'CADBURY DAIRY MILK 150GM', '', 64.99, 38.99, '1'),
(1448, 2, '3007', 'CAD DAIRYMILK TOPDECK 150GM', 'CONFECTIONARY & CHOCOLATES', 'CADBURY DAIRY MILK 150GM', '', 64.99, 38.99, '1'),
(1449, 2, '838', 'CAD DAIRYMILK WHOLE NUT 150GM', 'CONFECTIONARY & CHOCOLATES', 'CADBURY DAIRY MILK 150GM', '', 64.99, 38.99, '1'),
(1450, 2, '3454', 'CAD MINT CRISP 150 GM', 'CONFECTIONARY & CHOCOLATES', 'CADBURY DAIRY MILK 150GM', '', 64.99, 38.99, '1'),
(1451, 2, '4646', 'CAD LUNCH BAR DREAM CHOC 48GM', 'CONFECTIONARY & CHOCOLATES', 'CADBURY LUNCH BAR 48GM', '', 23.99, 14.99, '2'),
(1452, 2, '854', 'CAD LUNCH BAR- BIG 48GM', 'CONFECTIONARY & CHOCOLATES', 'CADBURY LUNCH BAR 48GM', '', 23.99, 14.99, '2'),
(1453, 2, '864', 'CAD PS CARA MILK 48 GM', 'CONFECTIONARY & CHOCOLATES', 'CADBURY LUNCH BAR 48GM', '', 23.99, 14.99, '2'),
(1454, 2, '9280', 'CAD PS CDM 48 GM', 'CONFECTIONARY & CHOCOLATES', 'CADBURY LUNCH BAR 48GM', '', 23.99, 14.99, '2'),
(1455, 2, '13194', 'WINDMILL LEMON CREAMS 200GM', 'BISCUITS', 'WINDMILL LEMON CREAMS BISCUIT 200GM', ' 3 FOR K35.99 ', 20.99, 35.99, '2'),
(1456, 2, '13193', 'WINDMILL MARIE BISCUITS 140GM', 'BISCUITS', 'WINDMILL MARIE BISCUIT 140GM', ' 3 FOR K35.99 ', 20.99, 35.99, 'No'),
(1457, 2, '9169', 'COOKIE JOE SHORTIES 110GM', 'BISCUITS', 'COOKIE JOE SHORTIES BISCUIT 110GM', ' 5 FOR K29.99 ', 9.99, 29.99, '2'),
(1458, 2, '11314', 'COOKIE JOE GINGER COOKIE 90GM', 'BISCUITS', 'COOKIES JOE GINGER BISCUIT 90GM', ' 5 FOR K29.99 ', 8.99, 29.99, 'No'),
(1459, 2, '7460', 'ULTRA MARGARINE LOW FAT BRICK', 'DAIRY PRODUCTS', 'ULTRA MARGARINE LOW FAT BRICK', '', 25.99, 16.99, '2'),
(1460, 2, '672', 'QUICK BREW TEA BAGS 100PCS', 'TEA & COFFEE', 'QUICK BREW TEA BAGS 100S', '', 84.99, 59.99, '2'),
(1461, 2, '6989', 'JACOBS KRONUNG 200GM', 'TEA & COFFEE', 'JACOBS KRONUNG 200GM', '', 349.99, 249.99, '1'),
(1462, 2, '13584', 'UMOYO T BAG EUCAL & LEMON 20S', 'TEA & COFFEE', 'UMOYO TEA BAG 20S', '', 38.99, 28.99, 'NO'),
(1463, 2, '13586', 'UMOYO T BAG GING & LEOMGR 20S', 'TEA & COFFEE', 'UMOYO TEA BAG  20S', '', 38.99, 28.99, 'NO'),
(1464, 2, '13585', 'UMOYO T BAG MOR LEM & GIN 20S', 'TEA & COFFEE', 'UMOYO TEA BAG  20S', '', 38.99, 28.99, 'NO'),
(1465, 2, '13583', 'UMOYO T BAG PURE GINGER 20S', 'TEA & COFFEE', 'UMOYO TEA BAG  20S', '', 38.99, 28.99, 'NO'),
(1466, 2, '13587', 'UMOYO T BAG TUR & BLK PEP 20S', 'TEA & COFFEE', 'UMOYO TEA BAG  20S', '', 38.99, 28.99, 'NO'),
(1467, 2, '8563', 'D LITE VEGETABLE OIL 2LT', 'EDIBLE OIL & GHEE', 'D LITE VEGETABLE OIL 2LT', '', 123.99, 99.99, '1'),
(1468, 2, '5066', 'ZAMGOLD VEGETABLE OIL 5LT', 'EDIBLE OIL & GHEE', 'ZAMGOLD 5LT', '', 0.00, 264.99, '2'),
(1469, 2, '13448', 'NESTLE MILO 500 GM POUCH', 'BABY FOOD- HEALTH FOOD & HEALT', 'NESTLE MILO POUCH 500GM', '', 139.99, 89.99, '2'),
(1470, 2, '13619', 'JUNGLE OATS 2KG PLS', 'BABY FOOD- HEALTH FOOD & HEALT', 'JUNGLE OATS 2KG', '', 109.99, 69.99, '1'),
(1471, 2, '13121', 'WILDERBEE HONEY 500GM', 'BABY FOOD- HEALTH FOOD & HEALT', 'WILDERBEE HONEY 500GM', '', 44.99, 29.99, '2'),
(1472, 2, '13591', 'UMOYO INST PORR SUG FREE 500G', 'BABY FOOD- HEALTH FOOD & HEALT', 'UMOYO INSTANT PORRIDGE 500GM', '', 46.99, 39.99, 'No'),
(1473, 2, '2567', 'D LITE GROWN UP BANANA 500GM', 'BABY FOOD- HEALTH FOOD & HEALT', 'D LITE GROWN UP 500GM', '', 50.99, 35.99, '2'),
(1474, 2, '2550', 'D LITE GROWN UP CHOC 500GM', 'BABY FOOD- HEALTH FOOD & HEALT', 'D LITE GROWN UP 500GM', '', 50.99, 35.99, '2'),
(1475, 2, '2555', 'D LITE GROWN UP STRBRY 500GM', 'BABY FOOD- HEALTH FOOD & HEALT', 'D LITE GROWN UP 500GM', '', 50.99, 35.99, '2'),
(1476, 2, '2580', 'D LITE GROWN UP WHEAT 500GM', 'BABY FOOD- HEALTH FOOD & HEALT', 'D LITE GROWN UP 500GM', '', 50.99, 35.99, '2'),
(1477, 2, '3249', 'RHODES TOM PASTE 115GM CUP', 'INSTANT FOOD - READY TO EAT', 'RHODES TOMATO PASTE 115GM', '', 19.99, 12.99, 'No'),
(1478, 2, '12385', 'BIGTREE CORN FLAKES 1KG', 'BABY FOOD- HEALTH FOOD & HEALT', 'BIGTREE CORNFLAKES 1KG', '', 106.99, 79.99, '1'),
(1479, 2, '12825', 'BIGTREE BINTO BEEF NOODLE 70G', 'INSTANT FOOD - READY TO EAT', 'BIGTREE BINTO NOODLE 70GM', ' 6 for K29.99 ', 7.49, 29.99, '2'),
(1480, 2, '12823', 'BIGTREE BINTO CHCKN NOODLE 70', 'INSTANT FOOD - READY TO EAT', 'BIGTREE BINTO NOODLE 70GM', '', 7.49, 0.00, '2'),
(1481, 2, '12824', 'BIGTREE BINTO VEG NOODLE 70G', 'INSTANT FOOD - READY TO EAT', 'BIGTREE BINTO NOODLE 70GM', '', 7.49, 0.00, '2'),
(1482, 2, '12981', 'GOLDEN FOODS SMOOTH P/BUT 1KG', 'INSTANT FOOD - READY TO EAT', 'GOLDEN FOODS SMOOTH PEANUT BUTTER 1KG', '', 72.99, 49.99, '1'),
(1483, 2, '13653', 'BEST BUY BAKED BEANS 410GM', 'INSTANT FOOD - READY TO EAT', 'BEST BUY BAKED BEANS 410GM', '', 24.99, 14.99, '2'),
(1484, 2, '3159', 'GOLDEN BEEF SOYA PIECES90GM', 'INSTANT FOOD - READY TO EAT', 'GOLDEN BEEF SOYA 90GM', ' 3 FOR K14.99 ', 8.49, 14.99, 'No'),
(1485, 2, '3154', 'GOLDEN CHIKEN SOYA PIECES 90G', 'INSTANT FOOD - READY TO EAT', 'GOLDEN BEEF SOYA 90GM', '', 8.49, 0.00, 'No'),
(1486, 2, '3179', 'BIC 1 5S NORMAL POUCH', 'COSMETICS', 'BIC 5S', '', 30.99, 24.99, 'No'),
(1487, 2, '2359', 'BIC 1 LADY 5S', 'COSMETICS', 'BIC 5S', '', 30.99, 24.99, 'No'),
(1488, 2, '1559', 'BIC 1 SENSITIVE 5PCS', 'COSMETICS', 'BIC 5S', '', 30.99, 24.99, 'No'),
(1489, 2, '872', 'LAYS CARIBBEAN ONION 105GM', 'SAVOURY & DRY FRUITS', 'LAYS 105GM', '', 38.99, 27.99, '1'),
(1490, 2, '3257', 'LAYS SALTED 105GM', 'SAVOURY & DRY FRUITS', 'LAYS 105GM', '', 38.99, 27.99, '1'),
(1491, 2, '876', 'LAYS SPRING ONION N CHE 105GM', 'SAVOURY & DRY FRUITS', 'LAYS 105GM', '', 38.99, 27.99, '1'),
(1492, 2, '12393', 'LAYS SWEET&SMOKY AMER BBQ 105', 'SAVOURY & DRY FRUITS', 'LAYS 105GM', '', 38.99, 27.99, '1'),
(1493, 2, '877', 'LAYS THAI SWEET CHILLI 105GM', 'SAVOURY & DRY FRUITS', 'LAYS 105GM', '', 38.99, 27.99, '1'),
(1494, 2, '12729', 'SEBAS EMILIOS CRN PUF CHE 200', 'SAVOURY & DRY FRUITS', 'SEBAS EMILIOS CORN PUFF 200', '', 20.99, 9.99, '2'),
(1495, 2, '12728', 'SEBAS EMILIOS CRN PUF TOM 200', 'SAVOURY & DRY FRUITS', 'SEBAS EMILIOS CORN PUFF 200', '', 20.99, 9.99, '2'),
(1496, 2, '13122', 'HUGG DRY COMFORT SIZE 2- 32S', 'SANITARY NAPKINS - DIAPERS', 'HUGGIES DRY COMFORT', '', 221.99, 169.99, 'No'),
(1497, 2, '13123', 'HUGG DRY COMFORT SIZE 3- 30S', 'SANITARY NAPKINS - DIAPERS', 'HUGGIES DRY COMFORT', '', 221.99, 169.99, 'No'),
(1498, 2, '13124', 'HUGG DRY COMFORT SIZE 4- 28S', 'SANITARY NAPKINS - DIAPERS', 'HUGGIES DRY COMFORT', '', 218.99, 169.99, 'No'),
(1499, 2, '13125', 'HUGG DRY COMFORT SIZE 5- 26S', 'SANITARY NAPKINS - DIAPERS', 'HUGGIES DRY COMFORT', '', 218.99, 169.99, 'No'),
(1500, 2, '9288', 'HINDS BARBEQUE SPICE 65GM', 'SPICES', 'HIND MIX SPICES', '', 25.99, 15.99, '2'),
(1501, 2, '9289', 'HINDS CHICKEN SPICE 85GM', 'SPICES', 'HIND MIX SPICES', '', 25.99, 15.99, '2'),
(1502, 2, '9290', 'HINDS CHIP SEASONING 80GM', 'SPICES', 'HIND MIX SPICES', '', 25.99, 15.99, '2'),
(1503, 2, '9292', 'HINDS HERBS PARSLEY 12GM', 'SPICES', 'HIND MIX SPICES', '', 25.99, 15.99, '2'),
(1504, 2, '9294', 'HINDS MIXED HERBS 18GM', 'SPICES', 'HIND MIX SPICES', '', 25.99, 15.99, '2'),
(1505, 2, '9963', 'HINDS PAPRIKA SPICE 55GM', 'SPICES', 'HIND MIX SPICES', '', 25.99, 15.99, '2'),
(1506, 2, '10067', 'HINDS POTATO SPICE 60GM', 'SPICES', 'HIND MIX SPICES', '', 25.99, 15.99, '2'),
(1507, 2, '11116', 'HINDS SPICE FOR RICE 90GM', 'SPICES', 'HIND MIX SPICES', '', 25.99, 15.99, '2'),
(1508, 2, '11117', 'HINDS SPICE PORT CHICKEN 75GM', 'SPICES', 'HIND MIX SPICES', '', 25.99, 15.99, '2'),
(1509, 2, '11185', 'HINDS STEAK & CHOPS SPICE 80G', 'SPICES', 'HIND MIX SPICES', '', 25.99, 15.99, '2'),
(1510, 2, '11375', 'HINDS TURMERIC SPICE 60GM', 'SPICES', 'HIND MIX SPICES', '', 25.99, 15.99, '2'),
(1511, 2, '2817', 'BISTO ORG GRAVY PWDR 250GM', 'SPICES', 'BISTO ORIGINAL SPICES 250GM', '', 29.99, 15.99, '2'),
(1512, 2, '6815', 'ROYCO CHICKEN MCHUZI MIX 200G', 'SPICES', 'ROYCO MXHUZI MIX 200GM', '', 35.99, 22.99, '2'),
(1513, 2, '4894', 'ROYCO SPICY BEEF 200GM', 'SPICES', 'SPICES', '', 35.99, 22.99, '2'),
(1514, 2, '4273', 'DADDIES CHILLI GARLIC 375ML', 'JAM - JELLY - KETCHUP - SAUCES', 'DADDIES CHILLI SAUCE 375ML', '', 22.99, 16.99, 'No'),
(1515, 2, '7513', 'DADDIES CHILLI SAUCE 375 ML', 'JAM - JELLY - KETCHUP - SAUCES', 'DADDIES CHILLI SAUCE 375ML', '', 22.99, 16.99, 'No'),
(1516, 2, '4274', 'DADDIES GARLIC SAUCE 375ML', 'JAM - JELLY - KETCHUP - SAUCES', 'DADDIES CHILLI SAUCE 375ML', '', 22.99, 16.99, 'No'),
(1517, 2, '4272', 'DADDIES SWEET CHILI SAUCE 375', 'JAM - JELLY - KETCHUP - SAUCES', 'DADDIES CHILLI SAUCE 375ML', '', 22.99, 16.99, 'No'),
(1518, 2, '7514', 'DADDIES TOMATO KETCHUP 375 ML', 'JAM - JELLY - KETCHUP - SAUCES', 'DADDIES CHILLI SAUCE 375ML', '', 22.99, 16.99, 'No'),
(1519, 2, '12785', 'SUNLIGH PWD REGU 2 IN 1 5KG', 'WASHING AID & DETERGENTS', 'SUNLIGHT POWDER 5KG', '', 290.99, 189.99, '1'),
(1520, 2, '5684', 'HANDY ANDY EUCALYPTUS 750 ML', 'CLEANING MATERIALS', 'HANDY ANDY 750ML', '', 52.99, 32.99, '2'),
(1521, 2, '2857', 'HANDY ANDY LAVENDER 750ML', 'CLEANING MATERIALS', 'HANDY ANDY 750ML', '', 52.99, 32.99, '2'),
(1522, 2, '699', 'HANDY ANDY LEMON 750ML', 'CLEANING MATERIALS', 'HANDY ANDY 750ML', '', 52.99, 32.99, '2'),
(1523, 2, '2791', 'HANDY ANDY POTPOURRI 750ML', 'CLEANING MATERIALS', 'HANDY ANDY 750ML', '', 52.99, 32.99, '2'),
(1524, 2, '4924', 'FLYING FISH NRB 330ML', 'BEERS & CIDERS', 'FLYING FISH NRB 330ML', '6 Pack K99.99', 22.99, 99.99, '2'),
(1525, 2, '2520', 'CARLING BLACK LABEL NRB 330ML', 'BEERS & CIDERS', 'CARLING BLACK LABEL NRB 330ML', '6 Pack K79.99', 18.49, 79.99, '2'),
(1526, 2, '8991', 'CORONA EXTRA 355 ML', 'BEERS & CIDERS', 'CORONA EXTRA 335ML', '6 PACK K139.99', 29.99, 139.99, '2'),
(1527, 2, '2114', 'JAMESON IRISH WHISKY 750ML', 'SPIRITS & WINES', 'JAMESON IRISH WHISKY 750ML', '', 533.99, 399.99, '2'),
(1528, 2, '2468', 'AMARULA 750ML', 'SPIRITS & WINES', 'AMRULA 750ML', '', 297.99, 229.99, '2'),
(1529, 2, '11222', 'CASTLE LITE CAN 500ML', 'BEERS & CIDERS', '', '', 0.00, 99.99, 'No'),
(1530, 2, '13133', 'OH SO HEAVEN FB BERRY BUBB 2L', 'BATH SOAPS - SHOWER GEL & HAND', 'OH SO HEAVEN FOAM BATH 2LT', '', 120.99, 89.99, '2'),
(1531, 2, '13135', 'OH SO HEAVEN FB BUBB OVER 2L', 'BATH SOAPS - SHOWER GEL & HAND', 'OH SO HEAVEN FOAM BATH 2LT', '', 120.99, 89.99, '2'),
(1532, 2, '13134', 'OH SO HEAVEN FB CREME CARE 2L', 'BATH SOAPS - SHOWER GEL & HAND', 'OH SO HEAVEN FOAM BATH 2LT', '', 120.99, 89.99, '2'),
(1533, 2, '13137', 'OH SO HEAVEN FB ISLAND BLI 2L', 'BATH SOAPS - SHOWER GEL & HAND', 'OH SO HEAVEN FOAM BATH 2LT', '', 120.99, 89.99, '2'),
(1534, 2, '13136', 'OH SO HEAVEN FB RELAX ROSE 2L', 'BATH SOAPS - SHOWER GEL & HAND', 'OH SO HEAVEN FOAM BATH 2LT', '', 120.99, 89.99, '2'),
(1535, 2, '5783', 'HYGIENIX SOAP CITRUS 175GM', 'BATH SOAPS - SHOWER GEL & HAND', 'HYGIENIX SOAP 175GM', '', 20.99, 14.99, '2'),
(1536, 2, '5791', 'HYGIENIX SOAP SENSITIVE 175GM', 'BATH SOAPS - SHOWER GEL & HAND', 'HYGIENIX SOAP 175GM', '', 20.99, 14.99, '2'),
(1537, 2, '5784', 'HYGIENIX SOAP HERBAL 175GM', 'BATH SOAPS - SHOWER GEL & HAND', 'HYGIENIX SOAP 175GM', '', 20.99, 14.99, '2'),
(1538, 2, '5785', 'HYGIENIX SOAP ICY COOL 175GM', 'BATH SOAPS - SHOWER GEL & HAND', 'HYGIENIX SOAP 175GM', '', 20.99, 14.99, '2'),
(1539, 2, '13241', 'HYGIENIX SOAP EVENTONE 175GM', 'BATH SOAPS - SHOWER GEL & HAND', 'HYGIENIX SOAP 175GM', '', 20.99, 14.99, '2'),
(1540, 2, '5786', 'HYGIENIX SOAP ACTIVE 175GM', 'BATH SOAPS - SHOWER GEL & HAND', 'HYGIENIX SOAP 175GM', '', 20.99, 14.99, '2'),
(1541, 2, '13240', 'HYGIENIX SOAP CHARCOAL 175GM', 'BATH SOAPS - SHOWER GEL & HAND', 'HYGIENIX SOAP 175GM', '', 20.99, 14.99, '2'),
(1542, 2, '5796', 'HYGIENIX SOAP ORIGINAL 175GM', 'BATH SOAPS - SHOWER GEL & HAND', 'HYGIENIX SOAP 175GM', '', 20.99, 14.99, '2'),
(1543, 2, '797', 'DOOM ODOURLESS MULTI IN 300ML', 'INSECTISIDE & MOSQUITO REPELLN', 'DOOM SUPER/DOURLESS 300ML', '', 49.99, 29.99, '1'),
(1544, 2, '795', 'DOOM SUPER MULTI INSECT 300ML', 'INSECTISIDE & MOSQUITO REPELLN', 'DOOM SUPER/DOURLESS 300ML', '', 49.99, 29.99, '1'),
(1545, 2, '13179', 'COMPACT TISSUE RED 18S', 'PAPER PRODUCTS', 'COMPAQ TISSUE RED 18S', '', 215.99, 159.99, '1'),
(1546, 2, '7434', 'COLGATE TB ZIGZAG 1PC', 'DENTAL CARE - ORAL CARE', 'COLGATE TOOTHBRUSH ZIGZAG 1S', '', 35.99, 19.99, '2'),
(1547, 2, '', '', '', '', '', 0.00, 0.00, ''),
(1548, 2, '', '', '', '', '', 0.00, 0.00, ''),
(1549, 2, '', '', '', '', '', 0.00, 0.00, ''),
(1550, 2, '', '', '', '', '', 0.00, 0.00, ''),
(1551, 2, '', '', '', '', '', 0.00, 0.00, ''),
(1552, 2, '', '', '', '', '', 0.00, 0.00, ''),
(1553, 2, '', '', '', '', '', 0.00, 0.00, ''),
(1554, 2, '', '', '', '', '', 0.00, 0.00, ''),
(1555, 2, '', '', '', '', '', 0.00, 0.00, ''),
(1556, 2, '', '', '', '', '', 0.00, 0.00, ''),
(1557, 2, '', '', '', '', '', 0.00, 0.00, ''),
(1558, 2, '', '', '', '', '', 0.00, 0.00, ''),
(1559, 2, '', '', '', '', '', 0.00, 0.00, ''),
(1560, 2, '', '', '', '', '', 0.00, 0.00, ''),
(1561, 2, '', '', '', '', '', 0.00, 0.00, ''),
(1562, 2, '', '', '', '', '', 0.00, 0.00, ''),
(1563, 2, '', '', '', '', '', 0.00, 0.00, ''),
(1564, 2, '', '', '', '', '', 0.00, 0.00, ''),
(1565, 2, '', '', '', '', '', 0.00, 0.00, ''),
(1566, 2, '', '', '', '', '', 0.00, 0.00, ''),
(1567, 2, '', '', '', '', '', 0.00, 0.00, ''),
(1568, 2, '', '', '', '', '', 0.00, 0.00, ''),
(1569, 2, '', '', '', '', '', 0.00, 0.00, ''),
(1570, 2, '', '', '', '', '', 0.00, 0.00, ''),
(1571, 2, '', '', '', '', '', 0.00, 0.00, ''),
(1572, 2, '', '', '', '', '', 0.00, 0.00, ''),
(1573, 2, '', '', '', '', '', 0.00, 0.00, ''),
(1574, 2, '', '', '', '', '', 0.00, 0.00, ''),
(1575, 2, '', '', '', '', '', 0.00, 0.00, ''),
(1576, 2, '', '', '', '', '', 0.00, 0.00, ''),
(1577, 2, '', '', '', '', '', 0.00, 0.00, ''),
(1578, 2, '', '', '', '', '', 0.00, 0.00, ''),
(1579, 2, '', '', '', '', '', 0.00, 0.00, ''),
(1580, 2, '', '', '', '', '', 0.00, 0.00, ''),
(1581, 2, '', '', '', '', '', 0.00, 0.00, ''),
(1582, 2, '', '', '', '', '', 0.00, 0.00, ''),
(1583, 2, '', '', '', '', '', 0.00, 0.00, ''),
(1584, 2, '', '', '', '', '', 0.00, 0.00, ''),
(1585, 2, '', '', '', '', '', 0.00, 0.00, ''),
(1586, 2, '', '', '', '', '', 0.00, 0.00, ''),
(1587, 2, '', '', '', '', '', 0.00, 0.00, ''),
(1588, 2, '', '', '', '', '', 0.00, 0.00, ''),
(1589, 2, '', '', '', '', '', 0.00, 0.00, ''),
(1590, 2, '', '', '', '', '', 0.00, 0.00, ''),
(1591, 2, '', '', '', '', '', 0.00, 0.00, ''),
(1592, 2, '', '', '', '', '', 0.00, 0.00, ''),
(1593, 2, '', '', '', '', '', 0.00, 0.00, ''),
(1594, 2, '', '', '', '', '', 0.00, 0.00, ''),
(1595, 2, '', '', '', '', '', 0.00, 0.00, ''),
(1596, 2, '', '', '', '', '', 0.00, 0.00, ''),
(1597, 2, '', '', '', '', '', 0.00, 0.00, ''),
(1598, 2, '', '', '', '', '', 0.00, 0.00, ''),
(1599, 2, '', '', '', '', '', 0.00, 0.00, ''),
(1600, 2, '', '', '', '', '', 0.00, 0.00, ''),
(1601, 2, '', '', '', '', '', 0.00, 0.00, ''),
(1602, 2, '', '', '', '', '', 0.00, 0.00, ''),
(1603, 2, '', '', '', '', '', 0.00, 0.00, ''),
(1604, 2, '', '', '', '', '', 0.00, 0.00, ''),
(1605, 2, '', '', '', '', '', 0.00, 0.00, ''),
(1606, 2, '', '', '', '', '', 0.00, 0.00, ''),
(1607, 2, '', '', '', '', '', 0.00, 0.00, ''),
(1608, 2, '', '', '', '', '', 0.00, 0.00, ''),
(1609, 2, '', '', '', '', '', 0.00, 0.00, ''),
(1610, 2, '', '', '', '', '', 0.00, 0.00, ''),
(1611, 2, '', '', '', '', '', 0.00, 0.00, ''),
(1612, 2, '', '', '', '', '', 0.00, 0.00, ''),
(1613, 2, '', '', '', '', '', 0.00, 0.00, ''),
(1614, 2, '', '', '', '', '', 0.00, 0.00, ''),
(1615, 2, '', '', '', '', '', 0.00, 0.00, ''),
(1616, 2, '', '', '', '', '', 0.00, 0.00, ''),
(1617, 2, '', '', '', '', '', 0.00, 0.00, ''),
(1618, 2, '', '', '', '', '', 0.00, 0.00, ''),
(1619, 2, '', '', '', '', '', 0.00, 0.00, ''),
(1620, 2, '', '', '', '', '', 0.00, 0.00, ''),
(1621, 2, '', '', '', '', '', 0.00, 0.00, ''),
(1622, 2, '', '', '', '', '', 0.00, 0.00, ''),
(1623, 2, '', '', '', '', '', 0.00, 0.00, ''),
(1624, 2, '', '', '', '', '', 0.00, 0.00, ''),
(1625, 2, '', '', '', '', '', 0.00, 0.00, ''),
(1626, 2, '', '', '', '', '', 0.00, 0.00, ''),
(1627, 2, '', '', '', '', '', 0.00, 0.00, ''),
(1628, 2, '', '', '', '', '', 0.00, 0.00, ''),
(1629, 2, '', '', '', '', '', 0.00, 0.00, ''),
(1630, 2, '', '', '', '', '', 0.00, 0.00, ''),
(1631, 2, '', '', '', '', '', 0.00, 0.00, ''),
(1632, 2, '', '', '', '', '', 0.00, 0.00, ''),
(1633, 2, '', '', '', '', '', 0.00, 0.00, ''),
(1634, 2, '', '', '', '', '', 0.00, 0.00, ''),
(1635, 2, '', '', '', '', '', 0.00, 0.00, ''),
(1636, 2, '', '', '', '', '', 0.00, 0.00, ''),
(1637, 2, '', '', '', '', '', 0.00, 0.00, ''),
(1638, 2, '', '', '', '', '', 0.00, 0.00, ''),
(1639, 2, '', '', '', '', '', 0.00, 0.00, ''),
(1640, 2, '', '', '', '', '', 0.00, 0.00, ''),
(1641, 2, '', '', '', '', '', 0.00, 0.00, ''),
(1642, 2, '', '', '', '', '', 0.00, 0.00, ''),
(1643, 2, '', '', '', '', '', 0.00, 0.00, ''),
(1644, 2, '', '', '', '', '', 0.00, 0.00, ''),
(1645, 2, '', '', '', '', '', 0.00, 0.00, ''),
(1646, 2, '', '', '', '', '', 0.00, 0.00, ''),
(1647, 2, '', '', '', '', '', 0.00, 0.00, ''),
(1648, 2, '', '', '', '', '', 0.00, 0.00, ''),
(1649, 2, '', '', '', '', '', 0.00, 0.00, ''),
(1650, 2, '', '', '', '', '', 0.00, 0.00, ''),
(1651, 2, '', '', '', '', '', 0.00, 0.00, ''),
(1652, 2, '', '', '', '', '', 0.00, 0.00, ''),
(1653, 2, '', '', '', '', '', 0.00, 0.00, ''),
(1654, 2, '', '', '', '', '', 0.00, 0.00, ''),
(1655, 2, '', '', '', '', '', 0.00, 0.00, ''),
(1656, 2, '', '', '', '', '', 0.00, 0.00, ''),
(1657, 2, '', '', '', '', '', 0.00, 0.00, ''),
(1658, 2, '', '', '', '', '', 0.00, 0.00, ''),
(1659, 2, '', '', '', '', '', 0.00, 0.00, ''),
(1660, 2, '', '', '', '', '', 0.00, 0.00, ''),
(1661, 2, '', '', '', '', '', 0.00, 0.00, ''),
(1662, 2, '', '', '', '', '', 0.00, 0.00, ''),
(1663, 2, '', '', '', '', '', 0.00, 0.00, ''),
(1664, 2, '', '', '', '', '', 0.00, 0.00, ''),
(1665, 2, '', '', '', '', '', 0.00, 0.00, ''),
(1666, 2, '', '', '', '', '', 0.00, 0.00, ''),
(1667, 2, '', '', '', '', '', 0.00, 0.00, ''),
(1668, 2, '', '', '', '', '', 0.00, 0.00, ''),
(1669, 2, '', '', '', '', '', 0.00, 0.00, ''),
(1670, 2, '', '', '', '', '', 0.00, 0.00, ''),
(1671, 2, '', '', '', '', '', 0.00, 0.00, ''),
(1672, 2, '', '', '', '', '', 0.00, 0.00, ''),
(1673, 2, '', '', '', '', '', 0.00, 0.00, ''),
(1674, 2, '', '', '', '', '', 0.00, 0.00, ''),
(1675, 2, '', '', '', '', '', 0.00, 0.00, ''),
(1676, 2, '', '', '', '', '', 0.00, 0.00, ''),
(1677, 2, '', '', '', '', '', 0.00, 0.00, ''),
(1678, 2, '', '', '', '', '', 0.00, 0.00, ''),
(1679, 2, '', '', '', '', '', 0.00, 0.00, ''),
(1680, 2, '', '', '', '', '', 0.00, 0.00, ''),
(1681, 2, '', '', '', '', '', 0.00, 0.00, ''),
(1682, 2, '', '', '', '', '', 0.00, 0.00, ''),
(1683, 2, '', '', '', '', '', 0.00, 0.00, ''),
(1684, 2, '', '', '', '', '', 0.00, 0.00, ''),
(1685, 2, '', '', '', '', '', 0.00, 0.00, ''),
(1686, 2, '', '', '', '', '', 0.00, 0.00, ''),
(1687, 2, '', '', '', '', '', 0.00, 0.00, ''),
(1688, 2, '', '', '', '', '', 0.00, 0.00, ''),
(1689, 2, '', '', '', '', '', 0.00, 0.00, ''),
(1690, 2, '', '', '', '', '', 0.00, 0.00, ''),
(1691, 2, '', '', '', '', '', 0.00, 0.00, ''),
(1692, 2, '', '', '', '', '', 0.00, 0.00, ''),
(1693, 2, '', '', '', '', '', 0.00, 0.00, ''),
(1694, 2, '', '', '', '', '', 0.00, 0.00, ''),
(1695, 2, '', '', '', '', '', 0.00, 0.00, ''),
(1696, 2, '', '', '', '', '', 0.00, 0.00, ''),
(1697, 2, '', '', '', '', '', 0.00, 0.00, ''),
(1698, 2, '', '', '', '', '', 0.00, 0.00, ''),
(1699, 2, '', '', '', '', '', 0.00, 0.00, ''),
(1700, 2, '', '', '', '', '', 0.00, 0.00, ''),
(1701, 2, '', '', '', '', '', 0.00, 0.00, ''),
(1702, 2, '', '', '', '', '', 0.00, 0.00, ''),
(1703, 2, '', '', '', '', '', 0.00, 0.00, ''),
(1704, 2, '', '', '', '', '', 0.00, 0.00, ''),
(1705, 2, '', '', '', '', '', 0.00, 0.00, ''),
(1706, 2, '', '', '', '', '', 0.00, 0.00, ''),
(1707, 2, '', '', '', '', '', 0.00, 0.00, ''),
(1708, 2, '', '', '', '', '', 0.00, 0.00, ''),
(1709, 2, '', '', '', '', '', 0.00, 0.00, ''),
(1710, 2, '', '', '', '', '', 0.00, 0.00, ''),
(1711, 2, '', '', '', '', '', 0.00, 0.00, ''),
(1712, 2, '', '', '', '', '', 0.00, 0.00, ''),
(1713, 2, '', '', '', '', '', 0.00, 0.00, ''),
(1714, 2, '', '', '', '', '', 0.00, 0.00, ''),
(1715, 2, '', '', '', '', '', 0.00, 0.00, ''),
(1716, 2, '', '', '', '', '', 0.00, 0.00, ''),
(1717, 2, '', '', '', '', '', 0.00, 0.00, ''),
(1718, 2, '', '', '', '', '', 0.00, 0.00, ''),
(1719, 2, '', '', '', '', '', 0.00, 0.00, ''),
(1720, 2, '', '', '', '', '', 0.00, 0.00, ''),
(1721, 2, '', '', '', '', '', 0.00, 0.00, ''),
(1722, 2, '', '', '', '', '', 0.00, 0.00, ''),
(1723, 2, '', '', '', '', '', 0.00, 0.00, ''),
(1724, 2, '', '', '', '', '', 0.00, 0.00, ''),
(1725, 2, '', '', '', '', '', 0.00, 0.00, ''),
(1726, 2, '', '', '', '', '', 0.00, 0.00, ''),
(1727, 2, '', '', '', '', '', 0.00, 0.00, ''),
(1728, 2, '', '', '', '', '', 0.00, 0.00, ''),
(1729, 2, '', '', '', '', '', 0.00, 0.00, ''),
(1730, 2, '', '', '', '', '', 0.00, 0.00, ''),
(1731, 2, '', '', '', '', '', 0.00, 0.00, ''),
(1732, 2, '', '', '', '', '', 0.00, 0.00, ''),
(1733, 2, '', '', '', '', '', 0.00, 0.00, ''),
(1734, 2, '', '', '', '', '', 0.00, 0.00, ''),
(1735, 2, '', '', '', '', '', 0.00, 0.00, ''),
(1736, 2, '', '', '', '', '', 0.00, 0.00, ''),
(1737, 2, '', '', '', '', '', 0.00, 0.00, ''),
(1738, 2, '', '', '', '', '', 0.00, 0.00, ''),
(1739, 2, '', '', '', '', '', 0.00, 0.00, ''),
(1740, 2, '', '', '', '', '', 0.00, 0.00, ''),
(1741, 2, '', '', '', '', '', 0.00, 0.00, ''),
(1742, 2, '', '', '', '', '', 0.00, 0.00, ''),
(1743, 2, '', '', '', '', '', 0.00, 0.00, ''),
(1744, 2, '', '', '', '', '', 0.00, 0.00, ''),
(1745, 2, '', '', '', '', '', 0.00, 0.00, ''),
(1746, 2, '', '', '', '', '', 0.00, 0.00, ''),
(1747, 2, '', '', '', '', '', 0.00, 0.00, ''),
(1748, 2, '', '', '', '', '', 0.00, 0.00, ''),
(1749, 2, '', '', '', '', '', 0.00, 0.00, ''),
(1750, 2, '', '', '', '', '', 0.00, 0.00, ''),
(1751, 2, '', '', '', '', '', 0.00, 0.00, ''),
(1752, 2, '', '', '', '', '', 0.00, 0.00, ''),
(1753, 2, '', '', '', '', '', 0.00, 0.00, ''),
(1754, 2, '', '', '', '', '', 0.00, 0.00, ''),
(1755, 2, '', '', '', '', '', 0.00, 0.00, ''),
(1756, 2, '', '', '', '', '', 0.00, 0.00, ''),
(1757, 2, '', '', '', '', '', 0.00, 0.00, ''),
(1758, 2, '', '', '', '', '', 0.00, 0.00, ''),
(1759, 2, '', '', '', '', '', 0.00, 0.00, ''),
(1760, 2, '', '', '', '', '', 0.00, 0.00, ''),
(1761, 2, '', '', '', '', '', 0.00, 0.00, ''),
(1762, 2, '', '', '', '', '', 0.00, 0.00, ''),
(1763, 2, '', '', '', '', '', 0.00, 0.00, ''),
(1764, 2, '', '', '', '', '', 0.00, 0.00, ''),
(1765, 2, '', '', '', '', '', 0.00, 0.00, ''),
(1766, 2, '', '', '', '', '', 0.00, 0.00, ''),
(1767, 2, '', '', '', '', '', 0.00, 0.00, ''),
(1768, 2, '', '', '', '', '', 0.00, 0.00, ''),
(1769, 2, '', '', '', '', '', 0.00, 0.00, ''),
(1770, 2, '', '', '', '', '', 0.00, 0.00, ''),
(1771, 2, '', '', '', '', '', 0.00, 0.00, ''),
(1772, 2, '', '', '', '', '', 0.00, 0.00, ''),
(1773, 2, '', '', '', '', '', 0.00, 0.00, ''),
(1774, 2, '', '', '', '', '', 0.00, 0.00, ''),
(1775, 2, '', '', '', '', '', 0.00, 0.00, ''),
(1776, 2, '', '', '', '', '', 0.00, 0.00, ''),
(1777, 2, '', '', '', '', '', 0.00, 0.00, ''),
(1778, 2, '', '', '', '', '', 0.00, 0.00, ''),
(1779, 2, '', '', '', '', '', 0.00, 0.00, ''),
(1780, 2, '', '', '', '', '', 0.00, 0.00, ''),
(1781, 2, '', '', '', '', '', 0.00, 0.00, ''),
(1782, 2, '', '', '', '', '', 0.00, 0.00, ''),
(1783, 2, '', '', '', '', '', 0.00, 0.00, ''),
(1784, 2, '', '', '', '', '', 0.00, 0.00, ''),
(1785, 2, '', '', '', '', '', 0.00, 0.00, ''),
(1786, 2, '', '', '', '', '', 0.00, 0.00, ''),
(1787, 2, '', '', '', '', '', 0.00, 0.00, ''),
(1788, 2, '', '', '', '', '', 0.00, 0.00, ''),
(1789, 2, '', '', '', '', '', 0.00, 0.00, ''),
(1790, 2, '', '', '', '', '', 0.00, 0.00, ''),
(1791, 2, '', '', '', '', '', 0.00, 0.00, ''),
(1792, 2, '', '', '', '', '', 0.00, 0.00, ''),
(1793, 2, '', '', '', '', '', 0.00, 0.00, ''),
(1794, 2, '', '', '', '', '', 0.00, 0.00, ''),
(1795, 2, '', '', '', '', '', 0.00, 0.00, ''),
(1796, 2, '', '', '', '', '', 0.00, 0.00, ''),
(1797, 2, '', '', '', '', '', 0.00, 0.00, ''),
(1798, 2, '', '', '', '', '', 0.00, 0.00, ''),
(1799, 2, '', '', '', '', '', 0.00, 0.00, ''),
(1800, 2, '', '', '', '', '', 0.00, 0.00, ''),
(1801, 2, '', '', '', '', '', 0.00, 0.00, ''),
(1802, 2, '', '', '', '', '', 0.00, 0.00, ''),
(1803, 2, '', '', '', '', '', 0.00, 0.00, ''),
(1804, 2, '', '', '', '', '', 0.00, 0.00, ''),
(1805, 2, '', '', '', '', '', 0.00, 0.00, ''),
(1806, 2, '', '', '', '', '', 0.00, 0.00, ''),
(1807, 2, '', '', '', '', '', 0.00, 0.00, ''),
(1808, 2, '', '', '', '', '', 0.00, 0.00, ''),
(1809, 2, '', '', '', '', '', 0.00, 0.00, ''),
(1810, 2, '', '', '', '', '', 0.00, 0.00, ''),
(1811, 2, '', '', '', '', '', 0.00, 0.00, ''),
(1812, 2, '', '', '', '', '', 0.00, 0.00, ''),
(1813, 2, '', '', '', '', '', 0.00, 0.00, ''),
(1814, 2, '', '', '', '', '', 0.00, 0.00, ''),
(1815, 2, '', '', '', '', '', 0.00, 0.00, ''),
(1816, 2, '', '', '', '', '', 0.00, 0.00, ''),
(1817, 2, '', '', '', '', '', 0.00, 0.00, ''),
(1818, 2, '', '', '', '', '', 0.00, 0.00, ''),
(1819, 2, '', '', '', '', '', 0.00, 0.00, ''),
(1820, 2, '', '', '', '', '', 0.00, 0.00, ''),
(1821, 2, '', '', '', '', '', 0.00, 0.00, ''),
(1822, 2, '', '', '', '', '', 0.00, 0.00, ''),
(1823, 2, '', '', '', '', '', 0.00, 0.00, ''),
(1824, 2, '', '', '', '', '', 0.00, 0.00, ''),
(1825, 2, '', '', '', '', '', 0.00, 0.00, ''),
(1826, 2, '', '', '', '', '', 0.00, 0.00, ''),
(1827, 2, '', '', '', '', '', 0.00, 0.00, ''),
(1828, 2, '', '', '', '', '', 0.00, 0.00, ''),
(1829, 2, '', '', '', '', '', 0.00, 0.00, ''),
(1830, 2, '', '', '', '', '', 0.00, 0.00, ''),
(1831, 2, '', '', '', '', '', 0.00, 0.00, ''),
(1832, 2, '', '', '', '', '', 0.00, 0.00, ''),
(1833, 2, '', '', '', '', '', 0.00, 0.00, ''),
(1834, 2, '', '', '', '', '', 0.00, 0.00, ''),
(1835, 2, '', '', '', '', '', 0.00, 0.00, ''),
(1836, 2, '', '', '', '', '', 0.00, 0.00, ''),
(1837, 2, '', '', '', '', '', 0.00, 0.00, ''),
(1838, 2, '', '', '', '', '', 0.00, 0.00, ''),
(1839, 2, '', '', '', '', '', 0.00, 0.00, ''),
(1840, 2, '', '', '', '', '', 0.00, 0.00, ''),
(1841, 2, '', '', '', '', '', 0.00, 0.00, ''),
(1842, 2, '', '', '', '', '', 0.00, 0.00, ''),
(1843, 2, '', '', '', '', '', 0.00, 0.00, ''),
(1844, 2, '', '', '', '', '', 0.00, 0.00, ''),
(1845, 2, '', '', '', '', '', 0.00, 0.00, ''),
(1846, 2, '', '', '', '', '', 0.00, 0.00, ''),
(1847, 2, '', '', '', '', '', 0.00, 0.00, ''),
(1848, 2, '', '', '', '', '', 0.00, 0.00, ''),
(1849, 2, '', '', '', '', '', 0.00, 0.00, ''),
(1850, 2, '', '', '', '', '', 0.00, 0.00, ''),
(1851, 2, '', '', '', '', '', 0.00, 0.00, ''),
(1852, 2, '', '', '', '', '', 0.00, 0.00, ''),
(1853, 2, '', '', '', '', '', 0.00, 0.00, ''),
(1854, 2, '', '', '', '', '', 0.00, 0.00, ''),
(1855, 2, '', '', '', '', '', 0.00, 0.00, ''),
(1856, 2, '', '', '', '', '', 0.00, 0.00, ''),
(1857, 2, '', '', '', '', '', 0.00, 0.00, ''),
(1858, 2, '', '', '', '', '', 0.00, 0.00, ''),
(1859, 2, '', '', '', '', '', 0.00, 0.00, ''),
(1860, 2, '', '', '', '', '', 0.00, 0.00, ''),
(1861, 2, '', '', '', '', '', 0.00, 0.00, ''),
(1862, 2, '', '', '', '', '', 0.00, 0.00, ''),
(1863, 2, '', '', '', '', '', 0.00, 0.00, ''),
(1864, 2, '', '', '', '', '', 0.00, 0.00, ''),
(1865, 2, '', '', '', '', '', 0.00, 0.00, ''),
(1866, 2, '', '', '', '', '', 0.00, 0.00, ''),
(1867, 2, '', '', '', '', '', 0.00, 0.00, ''),
(1868, 2, '', '', '', '', '', 0.00, 0.00, ''),
(1869, 2, '', '', '', '', '', 0.00, 0.00, ''),
(1870, 2, '', '', '', '', '', 0.00, 0.00, ''),
(1871, 2, '', '', '', '', '', 0.00, 0.00, ''),
(1872, 2, '', '', '', '', '', 0.00, 0.00, ''),
(1873, 2, '', '', '', '', '', 0.00, 0.00, ''),
(1874, 2, '', '', '', '', '', 0.00, 0.00, ''),
(1875, 2, '', '', '', '', '', 0.00, 0.00, ''),
(1876, 2, '', '', '', '', '', 0.00, 0.00, ''),
(1877, 2, '', '', '', '', '', 0.00, 0.00, ''),
(1878, 2, '', '', '', '', '', 0.00, 0.00, ''),
(1879, 2, '', '', '', '', '', 0.00, 0.00, ''),
(1880, 2, '', '', '', '', '', 0.00, 0.00, ''),
(1881, 2, '', '', '', '', '', 0.00, 0.00, ''),
(1882, 2, '', '', '', '', '', 0.00, 0.00, ''),
(1883, 2, '', '', '', '', '', 0.00, 0.00, ''),
(1884, 2, '', '', '', '', '', 0.00, 0.00, ''),
(1885, 2, '', '', '', '', '', 0.00, 0.00, ''),
(1886, 2, '', '', '', '', '', 0.00, 0.00, ''),
(1887, 2, '', '', '', '', '', 0.00, 0.00, ''),
(1888, 2, '', '', '', '', '', 0.00, 0.00, ''),
(1889, 2, '', '', '', '', '', 0.00, 0.00, ''),
(1890, 2, '', '', '', '', '', 0.00, 0.00, '');
INSERT INTO `product_data` (`id`, `project_id`, `product_code`, `product_name`, `category_name`, `catalogue_name`, `bulk_price`, `current_sp`, `promo_sp`, `page_number`) VALUES
(1891, 2, '', '', '', '', '', 0.00, 0.00, ''),
(1892, 2, '', '', '', '', '', 0.00, 0.00, ''),
(1893, 2, '', '', '', '', '', 0.00, 0.00, ''),
(1894, 2, '', '', '', '', '', 0.00, 0.00, ''),
(1895, 2, '', '', '', '', '', 0.00, 0.00, ''),
(1896, 2, '', '', '', '', '', 0.00, 0.00, ''),
(1897, 2, '', '', '', '', '', 0.00, 0.00, ''),
(1898, 2, '', '', '', '', '', 0.00, 0.00, ''),
(1899, 2, '', '', '', '', '', 0.00, 0.00, ''),
(1900, 2, '', '', '', '', '', 0.00, 0.00, ''),
(1901, 2, '', '', '', '', '', 0.00, 0.00, ''),
(1902, 2, '', '', '', '', '', 0.00, 0.00, ''),
(1903, 2, '', '', '', '', '', 0.00, 0.00, ''),
(1904, 2, '', '', '', '', '', 0.00, 0.00, ''),
(1905, 2, '', '', '', '', '', 0.00, 0.00, ''),
(1906, 2, '', '', '', '', '', 0.00, 0.00, ''),
(1907, 2, '', '', '', '', '', 0.00, 0.00, ''),
(1908, 2, '', '', '', '', '', 0.00, 0.00, ''),
(1909, 2, '', '', '', '', '', 0.00, 0.00, ''),
(1910, 2, '', '', '', '', '', 0.00, 0.00, ''),
(1911, 2, '', '', '', '', '', 0.00, 0.00, ''),
(1912, 2, '', '', '', '', '', 0.00, 0.00, ''),
(1913, 2, '', '', '', '', '', 0.00, 0.00, ''),
(1914, 2, '', '', '', '', '', 0.00, 0.00, ''),
(1915, 2, '', '', '', '', '', 0.00, 0.00, ''),
(1916, 2, '', '', '', '', '', 0.00, 0.00, ''),
(1917, 2, '', '', '', '', '', 0.00, 0.00, ''),
(1918, 2, '', '', '', '', '', 0.00, 0.00, ''),
(1919, 2, '', '', '', '', '', 0.00, 0.00, ''),
(1920, 2, '', '', '', '', '', 0.00, 0.00, ''),
(1921, 2, '', '', '', '', '', 0.00, 0.00, ''),
(1922, 2, '', '', '', '', '', 0.00, 0.00, ''),
(1923, 2, '', '', '', '', '', 0.00, 0.00, ''),
(1924, 2, '', '', '', '', '', 0.00, 0.00, ''),
(1925, 2, '', '', '', '', '', 0.00, 0.00, ''),
(1926, 2, '', '', '', '', '', 0.00, 0.00, ''),
(1927, 2, '', '', '', '', '', 0.00, 0.00, ''),
(1928, 2, '', '', '', '', '', 0.00, 0.00, ''),
(1929, 2, '', '', '', '', '', 0.00, 0.00, ''),
(1930, 2, '', '', '', '', '', 0.00, 0.00, ''),
(1931, 2, '', '', '', '', '', 0.00, 0.00, ''),
(1932, 2, '', '', '', '', '', 0.00, 0.00, ''),
(1933, 2, '', '', '', '', '', 0.00, 0.00, ''),
(1934, 2, '', '', '', '', '', 0.00, 0.00, ''),
(1935, 2, '', '', '', '', '', 0.00, 0.00, ''),
(1936, 2, '', '', '', '', '', 0.00, 0.00, ''),
(1937, 2, '', '', '', '', '', 0.00, 0.00, ''),
(1938, 2, '', '', '', '', '', 0.00, 0.00, ''),
(1939, 2, '', '', '', '', '', 0.00, 0.00, ''),
(1940, 2, '', '', '', '', '', 0.00, 0.00, ''),
(1941, 2, '', '', '', '', '', 0.00, 0.00, ''),
(1942, 2, '', '', '', '', '', 0.00, 0.00, ''),
(1943, 2, '', '', '', '', '', 0.00, 0.00, ''),
(1944, 2, '', '', '', '', '', 0.00, 0.00, ''),
(1945, 2, '', '', '', '', '', 0.00, 0.00, ''),
(1946, 2, '', '', '', '', '', 0.00, 0.00, ''),
(1947, 2, '', '', '', '', '', 0.00, 0.00, ''),
(1948, 2, '', '', '', '', '', 0.00, 0.00, ''),
(1949, 2, '', '', '', '', '', 0.00, 0.00, ''),
(1950, 2, '', '', '', '', '', 0.00, 0.00, ''),
(1951, 2, '', '', '', '', '', 0.00, 0.00, ''),
(1952, 2, '', '', '', '', '', 0.00, 0.00, ''),
(1953, 2, '', '', '', '', '', 0.00, 0.00, ''),
(1954, 2, '', '', '', '', '', 0.00, 0.00, ''),
(1955, 2, '', '', '', '', '', 0.00, 0.00, ''),
(1956, 2, '', '', '', '', '', 0.00, 0.00, ''),
(1957, 2, '', '', '', '', '', 0.00, 0.00, ''),
(1958, 2, '', '', '', '', '', 0.00, 0.00, ''),
(1959, 2, '', '', '', '', '', 0.00, 0.00, ''),
(1960, 2, '', '', '', '', '', 0.00, 0.00, ''),
(1961, 2, '', '', '', '', '', 0.00, 0.00, ''),
(1962, 2, '', '', '', '', '', 0.00, 0.00, ''),
(1963, 2, '', '', '', '', '', 0.00, 0.00, ''),
(1964, 2, '', '', '', '', '', 0.00, 0.00, ''),
(1965, 2, '', '', '', '', '', 0.00, 0.00, ''),
(1966, 2, '', '', '', '', '', 0.00, 0.00, ''),
(1967, 2, '', '', '', '', '', 0.00, 0.00, ''),
(1968, 2, '', '', '', '', '', 0.00, 0.00, ''),
(1969, 2, '', '', '', '', '', 0.00, 0.00, ''),
(1970, 2, '', '', '', '', '', 0.00, 0.00, ''),
(1971, 2, '', '', '', '', '', 0.00, 0.00, ''),
(1972, 2, '', '', '', '', '', 0.00, 0.00, ''),
(1973, 2, '', '', '', '', '', 0.00, 0.00, ''),
(1974, 2, '', '', '', '', '', 0.00, 0.00, ''),
(1975, 2, '', '', '', '', '', 0.00, 0.00, ''),
(1976, 2, '', '', '', '', '', 0.00, 0.00, ''),
(1977, 2, '', '', '', '', '', 0.00, 0.00, ''),
(1978, 2, '', '', '', '', '', 0.00, 0.00, ''),
(1979, 2, '', '', '', '', '', 0.00, 0.00, ''),
(1980, 2, '', '', '', '', '', 0.00, 0.00, ''),
(1981, 2, '', '', '', '', '', 0.00, 0.00, ''),
(1982, 2, '', '', '', '', '', 0.00, 0.00, ''),
(1983, 2, '', '', '', '', '', 0.00, 0.00, ''),
(1984, 2, '', '', '', '', '', 0.00, 0.00, ''),
(1985, 2, '', '', '', '', '', 0.00, 0.00, ''),
(1986, 2, '', '', '', '', '', 0.00, 0.00, ''),
(1987, 2, '', '', '', '', '', 0.00, 0.00, ''),
(1988, 2, '', '', '', '', '', 0.00, 0.00, ''),
(1989, 2, '', '', '', '', '', 0.00, 0.00, ''),
(1990, 2, '', '', '', '', '', 0.00, 0.00, ''),
(1991, 2, '', '', '', '', '', 0.00, 0.00, ''),
(1992, 2, '', '', '', '', '', 0.00, 0.00, ''),
(1993, 2, '', '', '', '', '', 0.00, 0.00, ''),
(1994, 2, '', '', '', '', '', 0.00, 0.00, ''),
(1995, 2, '', '', '', '', '', 0.00, 0.00, ''),
(1996, 2, '', '', '', '', '', 0.00, 0.00, ''),
(1997, 2, '', '', '', '', '', 0.00, 0.00, ''),
(1998, 2, '', '', '', '', '', 0.00, 0.00, ''),
(1999, 2, '', '', '', '', '', 0.00, 0.00, ''),
(2000, 2, '', '', '', '', '', 0.00, 0.00, ''),
(2001, 2, '', '', '', '', '', 0.00, 0.00, ''),
(2002, 2, '', '', '', '', '', 0.00, 0.00, ''),
(2003, 2, '', '', '', '', '', 0.00, 0.00, ''),
(2004, 2, '', '', '', '', '', 0.00, 0.00, ''),
(2005, 2, '', '', '', '', '', 0.00, 0.00, ''),
(2006, 2, '', '', '', '', '', 0.00, 0.00, ''),
(2007, 2, '', '', '', '', '', 0.00, 0.00, ''),
(2008, 2, '', '', '', '', '', 0.00, 0.00, ''),
(2009, 2, '', '', '', '', '', 0.00, 0.00, ''),
(2010, 2, '', '', '', '', '', 0.00, 0.00, ''),
(2011, 2, '', '', '', '', '', 0.00, 0.00, ''),
(2012, 2, '', '', '', '', '', 0.00, 0.00, ''),
(2013, 2, '', '', '', '', '', 0.00, 0.00, ''),
(2014, 2, '', '', '', '', '', 0.00, 0.00, ''),
(2015, 2, '', '', '', '', '', 0.00, 0.00, ''),
(2016, 2, '', '', '', '', '', 0.00, 0.00, ''),
(2017, 2, '', '', '', '', '', 0.00, 0.00, ''),
(2018, 2, '', '', '', '', '', 0.00, 0.00, ''),
(2019, 2, '', '', '', '', '', 0.00, 0.00, ''),
(2020, 2, '', '', '', '', '', 0.00, 0.00, ''),
(2021, 2, '', '', '', '', '', 0.00, 0.00, ''),
(2022, 2, '', '', '', '', '', 0.00, 0.00, ''),
(2023, 2, '', '', '', '', '', 0.00, 0.00, ''),
(2024, 2, '', '', '', '', '', 0.00, 0.00, ''),
(2025, 2, '', '', '', '', '', 0.00, 0.00, ''),
(2026, 2, '', '', '', '', '', 0.00, 0.00, ''),
(2027, 2, '', '', '', '', '', 0.00, 0.00, ''),
(2028, 2, '', '', '', '', '', 0.00, 0.00, ''),
(2029, 2, '', '', '', '', '', 0.00, 0.00, ''),
(2030, 2, '', '', '', '', '', 0.00, 0.00, ''),
(2031, 2, '', '', '', '', '', 0.00, 0.00, ''),
(2032, 2, '', '', '', '', '', 0.00, 0.00, ''),
(2033, 2, '', '', '', '', '', 0.00, 0.00, ''),
(2034, 2, '', '', '', '', '', 0.00, 0.00, ''),
(2035, 2, '', '', '', '', '', 0.00, 0.00, ''),
(2036, 2, '', '', '', '', '', 0.00, 0.00, ''),
(2037, 2, '', '', '', '', '', 0.00, 0.00, ''),
(2038, 2, '', '', '', '', '', 0.00, 0.00, ''),
(2039, 2, '', '', '', '', '', 0.00, 0.00, ''),
(2040, 2, '', '', '', '', '', 0.00, 0.00, ''),
(2041, 2, '', '', '', '', '', 0.00, 0.00, ''),
(2042, 2, '', '', '', '', '', 0.00, 0.00, ''),
(2043, 2, '', '', '', '', '', 0.00, 0.00, ''),
(2044, 2, '', '', '', '', '', 0.00, 0.00, ''),
(2045, 2, '', '', '', '', '', 0.00, 0.00, ''),
(2046, 2, '', '', '', '', '', 0.00, 0.00, ''),
(2047, 2, '', '', '', '', '', 0.00, 0.00, ''),
(2048, 2, '', '', '', '', '', 0.00, 0.00, ''),
(2049, 2, '', '', '', '', '', 0.00, 0.00, ''),
(2050, 2, '', '', '', '', '', 0.00, 0.00, ''),
(2051, 2, '', '', '', '', '', 0.00, 0.00, ''),
(2052, 2, '', '', '', '', '', 0.00, 0.00, ''),
(2053, 2, '', '', '', '', '', 0.00, 0.00, ''),
(2054, 2, '', '', '', '', '', 0.00, 0.00, ''),
(2055, 2, '', '', '', '', '', 0.00, 0.00, ''),
(2056, 2, '', '', '', '', '', 0.00, 0.00, ''),
(2057, 2, '', '', '', '', '', 0.00, 0.00, ''),
(2058, 2, '', '', '', '', '', 0.00, 0.00, ''),
(2059, 2, '', '', '', '', '', 0.00, 0.00, ''),
(2060, 2, '', '', '', '', '', 0.00, 0.00, ''),
(2061, 2, '', '', '', '', '', 0.00, 0.00, ''),
(2062, 2, '', '', '', '', '', 0.00, 0.00, ''),
(2063, 2, '', '', '', '', '', 0.00, 0.00, ''),
(2064, 2, '', '', '', '', '', 0.00, 0.00, ''),
(2065, 2, '', '', '', '', '', 0.00, 0.00, ''),
(2066, 2, '', '', '', '', '', 0.00, 0.00, ''),
(2067, 2, '', '', '', '', '', 0.00, 0.00, ''),
(2068, 2, '', '', '', '', '', 0.00, 0.00, ''),
(2069, 2, '', '', '', '', '', 0.00, 0.00, ''),
(2070, 2, '', '', '', '', '', 0.00, 0.00, ''),
(2071, 2, '', '', '', '', '', 0.00, 0.00, ''),
(2072, 2, '', '', '', '', '', 0.00, 0.00, ''),
(2073, 2, '', '', '', '', '', 0.00, 0.00, ''),
(2074, 2, '', '', '', '', '', 0.00, 0.00, ''),
(2075, 2, '', '', '', '', '', 0.00, 0.00, ''),
(2076, 2, '', '', '', '', '', 0.00, 0.00, ''),
(2077, 2, '', '', '', '', '', 0.00, 0.00, ''),
(2078, 2, '', '', '', '', '', 0.00, 0.00, ''),
(2079, 2, '', '', '', '', '', 0.00, 0.00, ''),
(2080, 2, '', '', '', '', '', 0.00, 0.00, ''),
(2081, 2, '', '', '', '', '', 0.00, 0.00, ''),
(2082, 2, '', '', '', '', '', 0.00, 0.00, ''),
(2083, 2, '', '', '', '', '', 0.00, 0.00, ''),
(2084, 2, '', '', '', '', '', 0.00, 0.00, ''),
(2085, 2, '', '', '', '', '', 0.00, 0.00, ''),
(2086, 2, '', '', '', '', '', 0.00, 0.00, ''),
(2087, 2, '', '', '', '', '', 0.00, 0.00, ''),
(2088, 2, '', '', '', '', '', 0.00, 0.00, ''),
(2089, 2, '', '', '', '', '', 0.00, 0.00, ''),
(2090, 2, '', '', '', '', '', 0.00, 0.00, ''),
(2091, 2, '', '', '', '', '', 0.00, 0.00, ''),
(2092, 2, '', '', '', '', '', 0.00, 0.00, ''),
(2093, 2, '', '', '', '', '', 0.00, 0.00, ''),
(2094, 2, '', '', '', '', '', 0.00, 0.00, ''),
(2095, 2, '', '', '', '', '', 0.00, 0.00, ''),
(2096, 2, '', '', '', '', '', 0.00, 0.00, ''),
(2097, 2, '', '', '', '', '', 0.00, 0.00, ''),
(2098, 2, '', '', '', '', '', 0.00, 0.00, ''),
(2099, 2, '', '', '', '', '', 0.00, 0.00, ''),
(2100, 2, '', '', '', '', '', 0.00, 0.00, ''),
(2101, 2, '', '', '', '', '', 0.00, 0.00, ''),
(2102, 2, '', '', '', '', '', 0.00, 0.00, ''),
(2103, 2, '', '', '', '', '', 0.00, 0.00, ''),
(2104, 2, '', '', '', '', '', 0.00, 0.00, ''),
(2105, 2, '', '', '', '', '', 0.00, 0.00, ''),
(2106, 2, '', '', '', '', '', 0.00, 0.00, ''),
(2107, 2, '', '', '', '', '', 0.00, 0.00, ''),
(2108, 2, '', '', '', '', '', 0.00, 0.00, ''),
(2109, 2, '', '', '', '', '', 0.00, 0.00, ''),
(2110, 2, '', '', '', '', '', 0.00, 0.00, ''),
(2111, 2, '', '', '', '', '', 0.00, 0.00, ''),
(2112, 2, '', '', '', '', '', 0.00, 0.00, ''),
(2113, 2, '', '', '', '', '', 0.00, 0.00, ''),
(2114, 2, '', '', '', '', '', 0.00, 0.00, ''),
(2115, 2, '', '', '', '', '', 0.00, 0.00, ''),
(2116, 2, '', '', '', '', '', 0.00, 0.00, ''),
(2117, 2, '', '', '', '', '', 0.00, 0.00, ''),
(2118, 2, '', '', '', '', '', 0.00, 0.00, ''),
(2119, 2, '', '', '', '', '', 0.00, 0.00, ''),
(2120, 2, '', '', '', '', '', 0.00, 0.00, ''),
(2121, 2, '', '', '', '', '', 0.00, 0.00, ''),
(2122, 2, '', '', '', '', '', 0.00, 0.00, ''),
(2123, 2, '', '', '', '', '', 0.00, 0.00, ''),
(2124, 2, '', '', '', '', '', 0.00, 0.00, ''),
(2125, 2, '', '', '', '', '', 0.00, 0.00, ''),
(2126, 2, '', '', '', '', '', 0.00, 0.00, ''),
(2127, 2, '', '', '', '', '', 0.00, 0.00, ''),
(2128, 2, '', '', '', '', '', 0.00, 0.00, ''),
(2129, 2, '', '', '', '', '', 0.00, 0.00, ''),
(2130, 2, '', '', '', '', '', 0.00, 0.00, ''),
(2131, 2, '', '', '', '', '', 0.00, 0.00, ''),
(2132, 2, '', '', '', '', '', 0.00, 0.00, ''),
(2133, 2, '', '', '', '', '', 0.00, 0.00, ''),
(2134, 2, '', '', '', '', '', 0.00, 0.00, ''),
(2135, 2, '', '', '', '', '', 0.00, 0.00, ''),
(2136, 2, '', '', '', '', '', 0.00, 0.00, ''),
(2137, 2, '', '', '', '', '', 0.00, 0.00, ''),
(2138, 2, '', '', '', '', '', 0.00, 0.00, ''),
(2139, 2, '', '', '', '', '', 0.00, 0.00, ''),
(2140, 2, '', '', '', '', '', 0.00, 0.00, ''),
(2141, 2, '', '', '', '', '', 0.00, 0.00, ''),
(2142, 2, '', '', '', '', '', 0.00, 0.00, ''),
(2143, 2, '', '', '', '', '', 0.00, 0.00, ''),
(2144, 2, '', '', '', '', '', 0.00, 0.00, ''),
(2145, 2, '', '', '', '', '', 0.00, 0.00, ''),
(2146, 2, '', '', '', '', '', 0.00, 0.00, ''),
(2147, 2, '', '', '', '', '', 0.00, 0.00, ''),
(2148, 2, '', '', '', '', '', 0.00, 0.00, ''),
(2149, 2, '', '', '', '', '', 0.00, 0.00, ''),
(2150, 2, '', '', '', '', '', 0.00, 0.00, ''),
(2151, 2, '', '', '', '', '', 0.00, 0.00, ''),
(2152, 2, '', '', '', '', '', 0.00, 0.00, ''),
(2153, 2, '', '', '', '', '', 0.00, 0.00, ''),
(2154, 2, '', '', '', '', '', 0.00, 0.00, ''),
(2155, 2, '', '', '', '', '', 0.00, 0.00, ''),
(2156, 2, '', '', '', '', '', 0.00, 0.00, ''),
(2157, 2, '', '', '', '', '', 0.00, 0.00, ''),
(2158, 2, '', '', '', '', '', 0.00, 0.00, ''),
(2159, 2, '', '', '', '', '', 0.00, 0.00, ''),
(2160, 2, '', '', '', '', '', 0.00, 0.00, ''),
(2161, 2, '', '', '', '', '', 0.00, 0.00, ''),
(2162, 2, '', '', '', '', '', 0.00, 0.00, ''),
(2163, 2, '', '', '', '', '', 0.00, 0.00, ''),
(2164, 2, '', '', '', '', '', 0.00, 0.00, ''),
(2165, 2, '', '', '', '', '', 0.00, 0.00, ''),
(2166, 2, '', '', '', '', '', 0.00, 0.00, ''),
(2167, 2, '', '', '', '', '', 0.00, 0.00, ''),
(2168, 2, '', '', '', '', '', 0.00, 0.00, ''),
(2169, 2, '', '', '', '', '', 0.00, 0.00, ''),
(2170, 2, '', '', '', '', '', 0.00, 0.00, ''),
(2171, 2, '', '', '', '', '', 0.00, 0.00, ''),
(2172, 2, '', '', '', '', '', 0.00, 0.00, ''),
(2173, 2, '', '', '', '', '', 0.00, 0.00, ''),
(2174, 2, '', '', '', '', '', 0.00, 0.00, ''),
(2175, 2, '', '', '', '', '', 0.00, 0.00, ''),
(2176, 2, '', '', '', '', '', 0.00, 0.00, ''),
(2177, 2, '', '', '', '', '', 0.00, 0.00, ''),
(2178, 2, '', '', '', '', '', 0.00, 0.00, ''),
(2179, 2, '', '', '', '', '', 0.00, 0.00, ''),
(2180, 2, '', '', '', '', '', 0.00, 0.00, ''),
(2181, 2, '', '', '', '', '', 0.00, 0.00, ''),
(2182, 2, '', '', '', '', '', 0.00, 0.00, ''),
(2183, 2, '', '', '', '', '', 0.00, 0.00, ''),
(2184, 2, '', '', '', '', '', 0.00, 0.00, ''),
(2185, 2, '', '', '', '', '', 0.00, 0.00, ''),
(2186, 2, '', '', '', '', '', 0.00, 0.00, ''),
(2187, 2, '', '', '', '', '', 0.00, 0.00, ''),
(2188, 2, '', '', '', '', '', 0.00, 0.00, ''),
(2189, 2, '', '', '', '', '', 0.00, 0.00, ''),
(2190, 2, '', '', '', '', '', 0.00, 0.00, ''),
(2191, 2, '', '', '', '', '', 0.00, 0.00, ''),
(2192, 2, '', '', '', '', '', 0.00, 0.00, ''),
(2193, 2, '', '', '', '', '', 0.00, 0.00, ''),
(2194, 2, '', '', '', '', '', 0.00, 0.00, ''),
(2195, 2, '', '', '', '', '', 0.00, 0.00, ''),
(2196, 2, '', '', '', '', '', 0.00, 0.00, ''),
(2197, 2, '', '', '', '', '', 0.00, 0.00, ''),
(2198, 2, '', '', '', '', '', 0.00, 0.00, ''),
(2199, 2, '', '', '', '', '', 0.00, 0.00, ''),
(2200, 2, '', '', '', '', '', 0.00, 0.00, ''),
(2201, 2, '', '', '', '', '', 0.00, 0.00, ''),
(2202, 2, '', '', '', '', '', 0.00, 0.00, ''),
(2203, 2, '', '', '', '', '', 0.00, 0.00, ''),
(2204, 2, '', '', '', '', '', 0.00, 0.00, ''),
(2205, 2, '', '', '', '', '', 0.00, 0.00, ''),
(2206, 2, '', '', '', '', '', 0.00, 0.00, ''),
(2207, 2, '', '', '', '', '', 0.00, 0.00, ''),
(2208, 2, '', '', '', '', '', 0.00, 0.00, ''),
(2209, 2, '', '', '', '', '', 0.00, 0.00, ''),
(2210, 2, '', '', '', '', '', 0.00, 0.00, ''),
(2211, 2, '', '', '', '', '', 0.00, 0.00, ''),
(2212, 2, '', '', '', '', '', 0.00, 0.00, ''),
(2213, 2, '', '', '', '', '', 0.00, 0.00, ''),
(2214, 2, '', '', '', '', '', 0.00, 0.00, ''),
(2215, 2, '', '', '', '', '', 0.00, 0.00, ''),
(2216, 2, '', '', '', '', '', 0.00, 0.00, ''),
(2217, 2, '', '', '', '', '', 0.00, 0.00, ''),
(2218, 2, '', '', '', '', '', 0.00, 0.00, ''),
(2219, 2, '', '', '', '', '', 0.00, 0.00, ''),
(2220, 2, '', '', '', '', '', 0.00, 0.00, ''),
(2221, 2, '', '', '', '', '', 0.00, 0.00, ''),
(2222, 2, '', '', '', '', '', 0.00, 0.00, ''),
(2223, 2, '', '', '', '', '', 0.00, 0.00, ''),
(2224, 2, '', '', '', '', '', 0.00, 0.00, ''),
(2225, 2, '', '', '', '', '', 0.00, 0.00, ''),
(2226, 2, '', '', '', '', '', 0.00, 0.00, ''),
(2227, 2, '', '', '', '', '', 0.00, 0.00, ''),
(2228, 2, '', '', '', '', '', 0.00, 0.00, ''),
(2229, 2, '', '', '', '', '', 0.00, 0.00, ''),
(2230, 2, '', '', '', '', '', 0.00, 0.00, ''),
(2231, 2, '', '', '', '', '', 0.00, 0.00, ''),
(2232, 2, '', '', '', '', '', 0.00, 0.00, ''),
(2233, 2, '', '', '', '', '', 0.00, 0.00, ''),
(2234, 2, '', '', '', '', '', 0.00, 0.00, ''),
(2235, 2, '', '', '', '', '', 0.00, 0.00, ''),
(2236, 2, '', '', '', '', '', 0.00, 0.00, ''),
(2237, 2, '', '', '', '', '', 0.00, 0.00, ''),
(2238, 2, '', '', '', '', '', 0.00, 0.00, ''),
(2239, 2, '', '', '', '', '', 0.00, 0.00, ''),
(2240, 2, '', '', '', '', '', 0.00, 0.00, ''),
(2241, 2, '', '', '', '', '', 0.00, 0.00, ''),
(2242, 2, '', '', '', '', '', 0.00, 0.00, ''),
(2243, 2, '', '', '', '', '', 0.00, 0.00, ''),
(2244, 2, '', '', '', '', '', 0.00, 0.00, ''),
(2245, 2, '', '', '', '', '', 0.00, 0.00, ''),
(2246, 2, '', '', '', '', '', 0.00, 0.00, ''),
(2247, 2, '', '', '', '', '', 0.00, 0.00, ''),
(2248, 2, '', '', '', '', '', 0.00, 0.00, ''),
(2249, 2, '', '', '', '', '', 0.00, 0.00, ''),
(2250, 2, '', '', '', '', '', 0.00, 0.00, ''),
(2251, 2, '', '', '', '', '', 0.00, 0.00, ''),
(2252, 2, '', '', '', '', '', 0.00, 0.00, ''),
(2253, 2, '', '', '', '', '', 0.00, 0.00, ''),
(2254, 2, '', '', '', '', '', 0.00, 0.00, ''),
(2255, 2, '', '', '', '', '', 0.00, 0.00, ''),
(2256, 2, '', '', '', '', '', 0.00, 0.00, ''),
(2257, 2, '', '', '', '', '', 0.00, 0.00, ''),
(2258, 2, '', '', '', '', '', 0.00, 0.00, ''),
(2259, 2, '', '', '', '', '', 0.00, 0.00, ''),
(2260, 2, '', '', '', '', '', 0.00, 0.00, ''),
(2261, 2, '', '', '', '', '', 0.00, 0.00, ''),
(2262, 2, '', '', '', '', '', 0.00, 0.00, ''),
(2263, 2, '', '', '', '', '', 0.00, 0.00, ''),
(2264, 2, '', '', '', '', '', 0.00, 0.00, ''),
(2265, 2, '', '', '', '', '', 0.00, 0.00, ''),
(2266, 2, '', '', '', '', '', 0.00, 0.00, ''),
(2267, 2, '', '', '', '', '', 0.00, 0.00, ''),
(2268, 2, '', '', '', '', '', 0.00, 0.00, ''),
(2269, 2, '', '', '', '', '', 0.00, 0.00, ''),
(2270, 2, '', '', '', '', '', 0.00, 0.00, ''),
(2271, 2, '', '', '', '', '', 0.00, 0.00, ''),
(2272, 2, '', '', '', '', '', 0.00, 0.00, ''),
(2273, 2, '', '', '', '', '', 0.00, 0.00, ''),
(2274, 2, '', '', '', '', '', 0.00, 0.00, ''),
(2275, 2, '', '', '', '', '', 0.00, 0.00, ''),
(2276, 2, '', '', '', '', '', 0.00, 0.00, ''),
(2277, 2, '', '', '', '', '', 0.00, 0.00, ''),
(2278, 2, '', '', '', '', '', 0.00, 0.00, ''),
(2279, 2, '', '', '', '', '', 0.00, 0.00, ''),
(2280, 2, '', '', '', '', '', 0.00, 0.00, ''),
(2281, 2, '', '', '', '', '', 0.00, 0.00, ''),
(2282, 2, '', '', '', '', '', 0.00, 0.00, ''),
(2283, 2, '', '', '', '', '', 0.00, 0.00, ''),
(2284, 2, '', '', '', '', '', 0.00, 0.00, ''),
(2285, 2, '', '', '', '', '', 0.00, 0.00, ''),
(2286, 2, '', '', '', '', '', 0.00, 0.00, ''),
(2287, 2, '', '', '', '', '', 0.00, 0.00, ''),
(2288, 2, '', '', '', '', '', 0.00, 0.00, ''),
(2289, 2, '', '', '', '', '', 0.00, 0.00, ''),
(2290, 2, '', '', '', '', '', 0.00, 0.00, ''),
(2291, 2, '', '', '', '', '', 0.00, 0.00, ''),
(2292, 2, '', '', '', '', '', 0.00, 0.00, ''),
(2293, 2, '', '', '', '', '', 0.00, 0.00, ''),
(2294, 2, '', '', '', '', '', 0.00, 0.00, ''),
(2295, 2, '', '', '', '', '', 0.00, 0.00, ''),
(2296, 2, '', '', '', '', '', 0.00, 0.00, ''),
(2297, 2, '', '', '', '', '', 0.00, 0.00, ''),
(2298, 2, '', '', '', '', '', 0.00, 0.00, ''),
(2299, 2, '', '', '', '', '', 0.00, 0.00, ''),
(2300, 2, '', '', '', '', '', 0.00, 0.00, ''),
(2301, 2, '', '', '', '', '', 0.00, 0.00, ''),
(2302, 2, '', '', '', '', '', 0.00, 0.00, ''),
(2303, 2, '', '', '', '', '', 0.00, 0.00, ''),
(2304, 2, '', '', '', '', '', 0.00, 0.00, ''),
(2305, 2, '', '', '', '', '', 0.00, 0.00, ''),
(2306, 2, '', '', '', '', '', 0.00, 0.00, ''),
(2307, 2, '', '', '', '', '', 0.00, 0.00, ''),
(2308, 2, '', '', '', '', '', 0.00, 0.00, ''),
(2309, 2, '', '', '', '', '', 0.00, 0.00, ''),
(2310, 2, '', '', '', '', '', 0.00, 0.00, ''),
(2311, 2, '', '', '', '', '', 0.00, 0.00, ''),
(2312, 2, '', '', '', '', '', 0.00, 0.00, ''),
(2313, 2, '', '', '', '', '', 0.00, 0.00, ''),
(2314, 2, '', '', '', '', '', 0.00, 0.00, ''),
(2315, 2, '', '', '', '', '', 0.00, 0.00, ''),
(2316, 2, '', '', '', '', '', 0.00, 0.00, ''),
(2317, 2, '', '', '', '', '', 0.00, 0.00, ''),
(2318, 2, '', '', '', '', '', 0.00, 0.00, ''),
(2319, 2, '', '', '', '', '', 0.00, 0.00, ''),
(2320, 2, '', '', '', '', '', 0.00, 0.00, ''),
(2321, 2, '', '', '', '', '', 0.00, 0.00, ''),
(2322, 2, '', '', '', '', '', 0.00, 0.00, ''),
(2323, 2, '', '', '', '', '', 0.00, 0.00, ''),
(2324, 2, '', '', '', '', '', 0.00, 0.00, ''),
(2325, 2, '', '', '', '', '', 0.00, 0.00, ''),
(2326, 2, '', '', '', '', '', 0.00, 0.00, ''),
(2327, 2, '', '', '', '', '', 0.00, 0.00, ''),
(2328, 2, '', '', '', '', '', 0.00, 0.00, ''),
(2329, 2, '', '', '', '', '', 0.00, 0.00, ''),
(2330, 2, '', '', '', '', '', 0.00, 0.00, ''),
(2331, 2, '', '', '', '', '', 0.00, 0.00, ''),
(2332, 2, '', '', '', '', '', 0.00, 0.00, ''),
(2333, 2, '', '', '', '', '', 0.00, 0.00, ''),
(2334, 2, '', '', '', '', '', 0.00, 0.00, ''),
(2335, 2, '', '', '', '', '', 0.00, 0.00, ''),
(2336, 2, '', '', '', '', '', 0.00, 0.00, ''),
(2337, 2, '', '', '', '', '', 0.00, 0.00, ''),
(2338, 2, '', '', '', '', '', 0.00, 0.00, ''),
(2339, 2, '', '', '', '', '', 0.00, 0.00, ''),
(2340, 2, '', '', '', '', '', 0.00, 0.00, ''),
(2341, 2, '', '', '', '', '', 0.00, 0.00, ''),
(2342, 2, '', '', '', '', '', 0.00, 0.00, ''),
(2343, 2, '', '', '', '', '', 0.00, 0.00, ''),
(2344, 2, '', '', '', '', '', 0.00, 0.00, ''),
(2345, 2, '', '', '', '', '', 0.00, 0.00, ''),
(2346, 2, '', '', '', '', '', 0.00, 0.00, ''),
(2347, 2, '', '', '', '', '', 0.00, 0.00, ''),
(2348, 2, '', '', '', '', '', 0.00, 0.00, ''),
(2349, 2, '', '', '', '', '', 0.00, 0.00, ''),
(2350, 2, '', '', '', '', '', 0.00, 0.00, ''),
(2351, 2, '', '', '', '', '', 0.00, 0.00, ''),
(2352, 2, '', '', '', '', '', 0.00, 0.00, ''),
(2353, 2, '', '', '', '', '', 0.00, 0.00, ''),
(2354, 2, '', '', '', '', '', 0.00, 0.00, ''),
(2355, 2, '', '', '', '', '', 0.00, 0.00, ''),
(2356, 2, '', '', '', '', '', 0.00, 0.00, ''),
(2357, 2, '', '', '', '', '', 0.00, 0.00, ''),
(2358, 2, '', '', '', '', '', 0.00, 0.00, ''),
(2359, 2, '', '', '', '', '', 0.00, 0.00, ''),
(2360, 2, '', '', '', '', '', 0.00, 0.00, ''),
(2361, 2, '', '', '', '', '', 0.00, 0.00, ''),
(2362, 2, '', '', '', '', '', 0.00, 0.00, ''),
(2363, 2, '', '', '', '', '', 0.00, 0.00, ''),
(2364, 2, '', '', '', '', '', 0.00, 0.00, ''),
(2365, 2, '', '', '', '', '', 0.00, 0.00, ''),
(2366, 2, '', '', '', '', '', 0.00, 0.00, ''),
(2367, 2, '', '', '', '', '', 0.00, 0.00, ''),
(2368, 2, '', '', '', '', '', 0.00, 0.00, ''),
(2369, 2, '', '', '', '', '', 0.00, 0.00, ''),
(2370, 2, '', '', '', '', '', 0.00, 0.00, ''),
(2371, 2, '', '', '', '', '', 0.00, 0.00, ''),
(2372, 2, '', '', '', '', '', 0.00, 0.00, ''),
(2373, 2, '', '', '', '', '', 0.00, 0.00, ''),
(2374, 2, '', '', '', '', '', 0.00, 0.00, ''),
(2375, 2, '', '', '', '', '', 0.00, 0.00, ''),
(2376, 2, '', '', '', '', '', 0.00, 0.00, ''),
(2377, 2, '', '', '', '', '', 0.00, 0.00, ''),
(2378, 2, '', '', '', '', '', 0.00, 0.00, ''),
(2379, 2, '', '', '', '', '', 0.00, 0.00, ''),
(2380, 2, '', '', '', '', '', 0.00, 0.00, ''),
(2381, 2, '', '', '', '', '', 0.00, 0.00, ''),
(2382, 2, '', '', '', '', '', 0.00, 0.00, ''),
(2383, 2, '', '', '', '', '', 0.00, 0.00, ''),
(2384, 2, '', '', '', '', '', 0.00, 0.00, ''),
(2385, 2, '', '', '', '', '', 0.00, 0.00, ''),
(2386, 2, '', '', '', '', '', 0.00, 0.00, ''),
(2387, 2, '', '', '', '', '', 0.00, 0.00, ''),
(2388, 2, '', '', '', '', '', 0.00, 0.00, ''),
(2389, 2, '', '', '', '', '', 0.00, 0.00, ''),
(2390, 2, '', '', '', '', '', 0.00, 0.00, ''),
(2391, 2, '', '', '', '', '', 0.00, 0.00, ''),
(2392, 2, '', '', '', '', '', 0.00, 0.00, ''),
(2393, 2, '', '', '', '', '', 0.00, 0.00, ''),
(2394, 2, '', '', '', '', '', 0.00, 0.00, ''),
(2395, 2, '', '', '', '', '', 0.00, 0.00, ''),
(2396, 2, '', '', '', '', '', 0.00, 0.00, ''),
(2397, 2, '', '', '', '', '', 0.00, 0.00, ''),
(2398, 2, '', '', '', '', '', 0.00, 0.00, ''),
(2399, 2, '', '', '', '', '', 0.00, 0.00, ''),
(2400, 2, '', '', '', '', '', 0.00, 0.00, ''),
(2401, 2, '', '', '', '', '', 0.00, 0.00, ''),
(2402, 2, '', '', '', '', '', 0.00, 0.00, ''),
(2403, 2, '', '', '', '', '', 0.00, 0.00, ''),
(2404, 2, '', '', '', '', '', 0.00, 0.00, ''),
(2405, 2, '', '', '', '', '', 0.00, 0.00, ''),
(2406, 2, '', '', '', '', '', 0.00, 0.00, ''),
(2407, 2, '', '', '', '', '', 0.00, 0.00, ''),
(2408, 2, '', '', '', '', '', 0.00, 0.00, ''),
(2409, 2, '', '', '', '', '', 0.00, 0.00, ''),
(2410, 2, '', '', '', '', '', 0.00, 0.00, ''),
(2411, 2, '', '', '', '', '', 0.00, 0.00, ''),
(2412, 2, '', '', '', '', '', 0.00, 0.00, ''),
(2413, 2, '', '', '', '', '', 0.00, 0.00, ''),
(2414, 2, '', '', '', '', '', 0.00, 0.00, ''),
(2415, 2, '', '', '', '', '', 0.00, 0.00, ''),
(2416, 2, '', '', '', '', '', 0.00, 0.00, ''),
(2417, 2, '', '', '', '', '', 0.00, 0.00, ''),
(2418, 2, '', '', '', '', '', 0.00, 0.00, ''),
(2419, 2, '', '', '', '', '', 0.00, 0.00, ''),
(2420, 2, '', '', '', '', '', 0.00, 0.00, ''),
(2421, 2, '', '', '', '', '', 0.00, 0.00, ''),
(2422, 2, '', '', '', '', '', 0.00, 0.00, ''),
(2423, 2, '', '', '', '', '', 0.00, 0.00, ''),
(2424, 2, '', '', '', '', '', 0.00, 0.00, ''),
(2425, 2, '', '', '', '', '', 0.00, 0.00, ''),
(2426, 2, '', '', '', '', '', 0.00, 0.00, ''),
(2427, 2, '', '', '', '', '', 0.00, 0.00, ''),
(2428, 2, '', '', '', '', '', 0.00, 0.00, ''),
(2429, 2, '', '', '', '', '', 0.00, 0.00, ''),
(2430, 2, '', '', '', '', '', 0.00, 0.00, ''),
(2431, 2, '', '', '', '', '', 0.00, 0.00, ''),
(2432, 2, '', '', '', '', '', 0.00, 0.00, ''),
(2433, 2, '', '', '', '', '', 0.00, 0.00, ''),
(2434, 2, '', '', '', '', '', 0.00, 0.00, ''),
(2435, 2, '', '', '', '', '', 0.00, 0.00, ''),
(2436, 2, '', '', '', '', '', 0.00, 0.00, ''),
(2437, 2, '', '', '', '', '', 0.00, 0.00, ''),
(2438, 2, '', '', '', '', '', 0.00, 0.00, ''),
(2439, 2, '', '', '', '', '', 0.00, 0.00, ''),
(2440, 2, '', '', '', '', '', 0.00, 0.00, ''),
(2441, 2, '', '', '', '', '', 0.00, 0.00, ''),
(2442, 2, '', '', '', '', '', 0.00, 0.00, ''),
(2443, 2, '', '', '', '', '', 0.00, 0.00, ''),
(2444, 2, '', '', '', '', '', 0.00, 0.00, ''),
(2445, 2, '', '', '', '', '', 0.00, 0.00, ''),
(2446, 2, '', '', '', '', '', 0.00, 0.00, ''),
(2447, 2, '', '', '', '', '', 0.00, 0.00, ''),
(2448, 2, '', '', '', '', '', 0.00, 0.00, ''),
(2449, 2, '', '', '', '', '', 0.00, 0.00, ''),
(2450, 2, '', '', '', '', '', 0.00, 0.00, ''),
(2451, 2, '', '', '', '', '', 0.00, 0.00, ''),
(2452, 2, '', '', '', '', '', 0.00, 0.00, ''),
(2453, 2, '', '', '', '', '', 0.00, 0.00, ''),
(2454, 2, '', '', '', '', '', 0.00, 0.00, ''),
(2455, 2, '', '', '', '', '', 0.00, 0.00, ''),
(2456, 2, '', '', '', '', '', 0.00, 0.00, ''),
(2457, 2, '', '', '', '', '', 0.00, 0.00, ''),
(2458, 2, '', '', '', '', '', 0.00, 0.00, ''),
(2459, 2, '', '', '', '', '', 0.00, 0.00, ''),
(2460, 2, '', '', '', '', '', 0.00, 0.00, ''),
(2461, 2, '', '', '', '', '', 0.00, 0.00, ''),
(2462, 2, '', '', '', '', '', 0.00, 0.00, ''),
(2463, 2, '', '', '', '', '', 0.00, 0.00, ''),
(2464, 2, '', '', '', '', '', 0.00, 0.00, ''),
(2465, 2, '', '', '', '', '', 0.00, 0.00, ''),
(2466, 2, '', '', '', '', '', 0.00, 0.00, ''),
(2467, 2, '', '', '', '', '', 0.00, 0.00, ''),
(2468, 2, '', '', '', '', '', 0.00, 0.00, ''),
(2469, 2, '', '', '', '', '', 0.00, 0.00, ''),
(2470, 2, '', '', '', '', '', 0.00, 0.00, ''),
(2471, 2, '', '', '', '', '', 0.00, 0.00, ''),
(2472, 2, '', '', '', '', '', 0.00, 0.00, ''),
(2473, 2, '', '', '', '', '', 0.00, 0.00, ''),
(2474, 2, '', '', '', '', '', 0.00, 0.00, ''),
(2475, 2, '', '', '', '', '', 0.00, 0.00, ''),
(2476, 2, '', '', '', '', '', 0.00, 0.00, ''),
(2477, 2, '', '', '', '', '', 0.00, 0.00, ''),
(2478, 2, '', '', '', '', '', 0.00, 0.00, ''),
(2479, 2, '', '', '', '', '', 0.00, 0.00, ''),
(2480, 2, '', '', '', '', '', 0.00, 0.00, ''),
(2481, 2, '', '', '', '', '', 0.00, 0.00, ''),
(2482, 2, '', '', '', '', '', 0.00, 0.00, ''),
(2483, 2, '', '', '', '', '', 0.00, 0.00, ''),
(2484, 2, '', '', '', '', '', 0.00, 0.00, ''),
(2485, 2, '', '', '', '', '', 0.00, 0.00, ''),
(2486, 2, '', '', '', '', '', 0.00, 0.00, ''),
(2487, 2, '', '', '', '', '', 0.00, 0.00, ''),
(2488, 2, '', '', '', '', '', 0.00, 0.00, ''),
(2489, 2, '', '', '', '', '', 0.00, 0.00, ''),
(2490, 2, '', '', '', '', '', 0.00, 0.00, ''),
(2491, 2, '', '', '', '', '', 0.00, 0.00, ''),
(2492, 2, '', '', '', '', '', 0.00, 0.00, ''),
(2493, 2, '', '', '', '', '', 0.00, 0.00, ''),
(2494, 2, '', '', '', '', '', 0.00, 0.00, ''),
(2495, 2, '', '', '', '', '', 0.00, 0.00, ''),
(2496, 2, '', '', '', '', '', 0.00, 0.00, ''),
(2497, 2, '', '', '', '', '', 0.00, 0.00, ''),
(2498, 2, '', '', '', '', '', 0.00, 0.00, ''),
(2499, 2, '', '', '', '', '', 0.00, 0.00, ''),
(2500, 2, '', '', '', '', '', 0.00, 0.00, ''),
(2501, 2, '', '', '', '', '', 0.00, 0.00, ''),
(2502, 2, '', '', '', '', '', 0.00, 0.00, ''),
(2503, 2, '', '', '', '', '', 0.00, 0.00, ''),
(2504, 2, '', '', '', '', '', 0.00, 0.00, ''),
(2505, 2, '', '', '', '', '', 0.00, 0.00, ''),
(2506, 2, '', '', '', '', '', 0.00, 0.00, ''),
(2507, 2, '', '', '', '', '', 0.00, 0.00, ''),
(2508, 2, '', '', '', '', '', 0.00, 0.00, ''),
(2509, 2, '', '', '', '', '', 0.00, 0.00, ''),
(2510, 2, '', '', '', '', '', 0.00, 0.00, ''),
(2511, 2, '', '', '', '', '', 0.00, 0.00, ''),
(2512, 2, '', '', '', '', '', 0.00, 0.00, ''),
(2513, 2, '', '', '', '', '', 0.00, 0.00, ''),
(2514, 2, '', '', '', '', '', 0.00, 0.00, ''),
(2515, 2, '', '', '', '', '', 0.00, 0.00, ''),
(2516, 2, '', '', '', '', '', 0.00, 0.00, ''),
(2517, 2, '', '', '', '', '', 0.00, 0.00, ''),
(2518, 2, '', '', '', '', '', 0.00, 0.00, ''),
(2519, 2, '', '', '', '', '', 0.00, 0.00, ''),
(2520, 2, '', '', '', '', '', 0.00, 0.00, ''),
(2521, 2, '', '', '', '', '', 0.00, 0.00, ''),
(2522, 2, '', '', '', '', '', 0.00, 0.00, ''),
(2523, 2, '', '', '', '', '', 0.00, 0.00, ''),
(2524, 2, '', '', '', '', '', 0.00, 0.00, ''),
(2525, 2, '', '', '', '', '', 0.00, 0.00, ''),
(2526, 2, '', '', '', '', '', 0.00, 0.00, ''),
(2527, 2, '', '', '', '', '', 0.00, 0.00, ''),
(2528, 2, '', '', '', '', '', 0.00, 0.00, ''),
(2529, 2, '', '', '', '', '', 0.00, 0.00, ''),
(2530, 2, '', '', '', '', '', 0.00, 0.00, ''),
(2531, 2, '', '', '', '', '', 0.00, 0.00, ''),
(2532, 2, '', '', '', '', '', 0.00, 0.00, ''),
(2533, 2, '', '', '', '', '', 0.00, 0.00, ''),
(2534, 2, '', '', '', '', '', 0.00, 0.00, ''),
(2535, 2, '', '', '', '', '', 0.00, 0.00, ''),
(2536, 2, '', '', '', '', '', 0.00, 0.00, ''),
(2537, 2, '', '', '', '', '', 0.00, 0.00, ''),
(2538, 2, '', '', '', '', '', 0.00, 0.00, ''),
(2539, 2, '', '', '', '', '', 0.00, 0.00, ''),
(2540, 2, '', '', '', '', '', 0.00, 0.00, ''),
(2541, 2, '', '', '', '', '', 0.00, 0.00, ''),
(2542, 2, '', '', '', '', '', 0.00, 0.00, ''),
(2543, 2, '', '', '', '', '', 0.00, 0.00, ''),
(2544, 2, '', '', '', '', '', 0.00, 0.00, ''),
(2545, 2, '', '', '', '', '', 0.00, 0.00, ''),
(2546, 2, '', '', '', '', '', 0.00, 0.00, ''),
(2547, 2, '', '', '', '', '', 0.00, 0.00, ''),
(2548, 2, '', '', '', '', '', 0.00, 0.00, ''),
(2549, 2, '', '', '', '', '', 0.00, 0.00, ''),
(2550, 2, '', '', '', '', '', 0.00, 0.00, ''),
(2551, 2, '', '', '', '', '', 0.00, 0.00, ''),
(2552, 2, '', '', '', '', '', 0.00, 0.00, ''),
(2553, 2, '', '', '', '', '', 0.00, 0.00, ''),
(2554, 2, '', '', '', '', '', 0.00, 0.00, ''),
(2555, 2, '', '', '', '', '', 0.00, 0.00, ''),
(2556, 2, '', '', '', '', '', 0.00, 0.00, ''),
(2557, 2, '', '', '', '', '', 0.00, 0.00, ''),
(2558, 2, '', '', '', '', '', 0.00, 0.00, ''),
(2559, 2, '', '', '', '', '', 0.00, 0.00, ''),
(2560, 2, '', '', '', '', '', 0.00, 0.00, ''),
(2561, 2, '', '', '', '', '', 0.00, 0.00, ''),
(2562, 2, '', '', '', '', '', 0.00, 0.00, ''),
(2563, 2, '', '', '', '', '', 0.00, 0.00, ''),
(2564, 2, '', '', '', '', '', 0.00, 0.00, ''),
(2565, 2, '', '', '', '', '', 0.00, 0.00, ''),
(2566, 2, '', '', '', '', '', 0.00, 0.00, ''),
(2567, 2, '', '', '', '', '', 0.00, 0.00, ''),
(2568, 2, '', '', '', '', '', 0.00, 0.00, ''),
(2569, 2, '', '', '', '', '', 0.00, 0.00, ''),
(2570, 2, '', '', '', '', '', 0.00, 0.00, ''),
(2571, 2, '', '', '', '', '', 0.00, 0.00, ''),
(2572, 2, '', '', '', '', '', 0.00, 0.00, ''),
(2573, 2, '', '', '', '', '', 0.00, 0.00, ''),
(2574, 2, '', '', '', '', '', 0.00, 0.00, ''),
(2575, 2, '', '', '', '', '', 0.00, 0.00, ''),
(2576, 2, '', '', '', '', '', 0.00, 0.00, ''),
(2577, 2, '', '', '', '', '', 0.00, 0.00, ''),
(2578, 2, '', '', '', '', '', 0.00, 0.00, ''),
(2579, 2, '', '', '', '', '', 0.00, 0.00, ''),
(2580, 2, '', '', '', '', '', 0.00, 0.00, ''),
(2581, 2, '', '', '', '', '', 0.00, 0.00, ''),
(2582, 2, '', '', '', '', '', 0.00, 0.00, ''),
(2583, 2, '', '', '', '', '', 0.00, 0.00, ''),
(2584, 2, '', '', '', '', '', 0.00, 0.00, ''),
(2585, 2, '', '', '', '', '', 0.00, 0.00, ''),
(2586, 2, '', '', '', '', '', 0.00, 0.00, ''),
(2587, 2, '', '', '', '', '', 0.00, 0.00, ''),
(2588, 2, '', '', '', '', '', 0.00, 0.00, ''),
(2589, 2, '', '', '', '', '', 0.00, 0.00, ''),
(2590, 2, '', '', '', '', '', 0.00, 0.00, ''),
(2591, 2, '', '', '', '', '', 0.00, 0.00, ''),
(2592, 2, '', '', '', '', '', 0.00, 0.00, ''),
(2593, 2, '', '', '', '', '', 0.00, 0.00, ''),
(2594, 2, '', '', '', '', '', 0.00, 0.00, ''),
(2595, 2, '', '', '', '', '', 0.00, 0.00, ''),
(2596, 2, '', '', '', '', '', 0.00, 0.00, ''),
(2597, 2, '', '', '', '', '', 0.00, 0.00, ''),
(2598, 2, '', '', '', '', '', 0.00, 0.00, ''),
(2599, 2, '', '', '', '', '', 0.00, 0.00, ''),
(2600, 2, '', '', '', '', '', 0.00, 0.00, ''),
(2601, 2, '', '', '', '', '', 0.00, 0.00, ''),
(2602, 2, '', '', '', '', '', 0.00, 0.00, ''),
(2603, 2, '', '', '', '', '', 0.00, 0.00, ''),
(2604, 2, '', '', '', '', '', 0.00, 0.00, ''),
(2605, 2, '', '', '', '', '', 0.00, 0.00, ''),
(2606, 2, '', '', '', '', '', 0.00, 0.00, ''),
(2607, 2, '', '', '', '', '', 0.00, 0.00, ''),
(2608, 2, '', '', '', '', '', 0.00, 0.00, ''),
(2609, 2, '', '', '', '', '', 0.00, 0.00, ''),
(2610, 2, '', '', '', '', '', 0.00, 0.00, ''),
(2611, 2, '', '', '', '', '', 0.00, 0.00, ''),
(2612, 2, '', '', '', '', '', 0.00, 0.00, ''),
(2613, 2, '', '', '', '', '', 0.00, 0.00, ''),
(2614, 2, '', '', '', '', '', 0.00, 0.00, ''),
(2615, 2, '', '', '', '', '', 0.00, 0.00, ''),
(2616, 2, '', '', '', '', '', 0.00, 0.00, ''),
(2617, 2, '', '', '', '', '', 0.00, 0.00, ''),
(2618, 2, '', '', '', '', '', 0.00, 0.00, ''),
(2619, 2, '', '', '', '', '', 0.00, 0.00, ''),
(2620, 2, '', '', '', '', '', 0.00, 0.00, ''),
(2621, 2, '', '', '', '', '', 0.00, 0.00, ''),
(2622, 2, '', '', '', '', '', 0.00, 0.00, ''),
(2623, 2, '', '', '', '', '', 0.00, 0.00, ''),
(2624, 2, '', '', '', '', '', 0.00, 0.00, ''),
(2625, 2, '', '', '', '', '', 0.00, 0.00, ''),
(2626, 2, '', '', '', '', '', 0.00, 0.00, ''),
(2627, 2, '', '', '', '', '', 0.00, 0.00, ''),
(2628, 2, '', '', '', '', '', 0.00, 0.00, ''),
(2629, 2, '', '', '', '', '', 0.00, 0.00, ''),
(2630, 2, '', '', '', '', '', 0.00, 0.00, ''),
(2631, 2, '', '', '', '', '', 0.00, 0.00, ''),
(2632, 2, '', '', '', '', '', 0.00, 0.00, ''),
(2633, 2, '', '', '', '', '', 0.00, 0.00, ''),
(2634, 2, '', '', '', '', '', 0.00, 0.00, ''),
(2635, 2, '', '', '', '', '', 0.00, 0.00, ''),
(2636, 2, '', '', '', '', '', 0.00, 0.00, ''),
(2637, 2, '', '', '', '', '', 0.00, 0.00, ''),
(2638, 2, '', '', '', '', '', 0.00, 0.00, ''),
(2639, 2, '', '', '', '', '', 0.00, 0.00, ''),
(2640, 2, '', '', '', '', '', 0.00, 0.00, ''),
(2641, 2, '', '', '', '', '', 0.00, 0.00, ''),
(2642, 2, '', '', '', '', '', 0.00, 0.00, ''),
(2643, 2, '', '', '', '', '', 0.00, 0.00, ''),
(2644, 2, '', '', '', '', '', 0.00, 0.00, ''),
(2645, 2, '', '', '', '', '', 0.00, 0.00, ''),
(2646, 2, '', '', '', '', '', 0.00, 0.00, ''),
(2647, 2, '', '', '', '', '', 0.00, 0.00, ''),
(2648, 2, '', '', '', '', '', 0.00, 0.00, ''),
(2649, 2, '', '', '', '', '', 0.00, 0.00, ''),
(2650, 2, '', '', '', '', '', 0.00, 0.00, ''),
(2651, 2, '', '', '', '', '', 0.00, 0.00, ''),
(2652, 2, '', '', '', '', '', 0.00, 0.00, ''),
(2653, 2, '', '', '', '', '', 0.00, 0.00, ''),
(2654, 2, '', '', '', '', '', 0.00, 0.00, ''),
(2655, 2, '', '', '', '', '', 0.00, 0.00, ''),
(2656, 2, '', '', '', '', '', 0.00, 0.00, ''),
(2657, 2, '', '', '', '', '', 0.00, 0.00, ''),
(2658, 2, '', '', '', '', '', 0.00, 0.00, ''),
(2659, 2, '', '', '', '', '', 0.00, 0.00, ''),
(2660, 2, '', '', '', '', '', 0.00, 0.00, ''),
(2661, 2, '', '', '', '', '', 0.00, 0.00, ''),
(2662, 2, '', '', '', '', '', 0.00, 0.00, ''),
(2663, 2, '', '', '', '', '', 0.00, 0.00, ''),
(2664, 2, '', '', '', '', '', 0.00, 0.00, ''),
(2665, 2, '', '', '', '', '', 0.00, 0.00, ''),
(2666, 2, '', '', '', '', '', 0.00, 0.00, ''),
(2667, 2, '', '', '', '', '', 0.00, 0.00, ''),
(2668, 2, '', '', '', '', '', 0.00, 0.00, ''),
(2669, 2, '', '', '', '', '', 0.00, 0.00, ''),
(2670, 2, '', '', '', '', '', 0.00, 0.00, ''),
(2671, 2, '', '', '', '', '', 0.00, 0.00, ''),
(2672, 2, '', '', '', '', '', 0.00, 0.00, ''),
(2673, 2, '', '', '', '', '', 0.00, 0.00, ''),
(2674, 2, '', '', '', '', '', 0.00, 0.00, ''),
(2675, 2, '', '', '', '', '', 0.00, 0.00, ''),
(2676, 2, '', '', '', '', '', 0.00, 0.00, ''),
(2677, 2, '', '', '', '', '', 0.00, 0.00, ''),
(2678, 2, '', '', '', '', '', 0.00, 0.00, ''),
(2679, 2, '', '', '', '', '', 0.00, 0.00, ''),
(2680, 2, '', '', '', '', '', 0.00, 0.00, ''),
(2681, 2, '', '', '', '', '', 0.00, 0.00, ''),
(2682, 2, '', '', '', '', '', 0.00, 0.00, ''),
(2683, 2, '', '', '', '', '', 0.00, 0.00, ''),
(2684, 2, '', '', '', '', '', 0.00, 0.00, ''),
(2685, 2, '', '', '', '', '', 0.00, 0.00, ''),
(2686, 2, '', '', '', '', '', 0.00, 0.00, ''),
(2687, 2, '', '', '', '', '', 0.00, 0.00, ''),
(2688, 2, '', '', '', '', '', 0.00, 0.00, ''),
(2689, 2, '', '', '', '', '', 0.00, 0.00, ''),
(2690, 2, '', '', '', '', '', 0.00, 0.00, ''),
(2691, 2, '', '', '', '', '', 0.00, 0.00, ''),
(2692, 2, '', '', '', '', '', 0.00, 0.00, ''),
(2693, 2, '', '', '', '', '', 0.00, 0.00, ''),
(2694, 2, '', '', '', '', '', 0.00, 0.00, ''),
(2695, 2, '', '', '', '', '', 0.00, 0.00, ''),
(2696, 2, '', '', '', '', '', 0.00, 0.00, ''),
(2697, 2, '', '', '', '', '', 0.00, 0.00, ''),
(2698, 2, '', '', '', '', '', 0.00, 0.00, ''),
(2699, 2, '', '', '', '', '', 0.00, 0.00, ''),
(2700, 2, '', '', '', '', '', 0.00, 0.00, ''),
(2701, 2, '', '', '', '', '', 0.00, 0.00, ''),
(2702, 2, '', '', '', '', '', 0.00, 0.00, ''),
(2703, 2, '', '', '', '', '', 0.00, 0.00, ''),
(2704, 2, '', '', '', '', '', 0.00, 0.00, ''),
(2705, 2, '', '', '', '', '', 0.00, 0.00, ''),
(2706, 2, '', '', '', '', '', 0.00, 0.00, ''),
(2707, 2, '', '', '', '', '', 0.00, 0.00, ''),
(2708, 2, '', '', '', '', '', 0.00, 0.00, ''),
(2709, 2, '', '', '', '', '', 0.00, 0.00, ''),
(2710, 2, '', '', '', '', '', 0.00, 0.00, ''),
(2711, 2, '', '', '', '', '', 0.00, 0.00, ''),
(2712, 2, '', '', '', '', '', 0.00, 0.00, ''),
(2713, 2, '', '', '', '', '', 0.00, 0.00, ''),
(2714, 2, '', '', '', '', '', 0.00, 0.00, ''),
(2715, 2, '', '', '', '', '', 0.00, 0.00, ''),
(2716, 2, '', '', '', '', '', 0.00, 0.00, ''),
(2717, 2, '', '', '', '', '', 0.00, 0.00, ''),
(2718, 2, '', '', '', '', '', 0.00, 0.00, ''),
(2719, 2, '', '', '', '', '', 0.00, 0.00, ''),
(2720, 2, '', '', '', '', '', 0.00, 0.00, ''),
(2721, 2, '', '', '', '', '', 0.00, 0.00, ''),
(2722, 2, '', '', '', '', '', 0.00, 0.00, ''),
(2723, 2, '', '', '', '', '', 0.00, 0.00, ''),
(2724, 2, '', '', '', '', '', 0.00, 0.00, ''),
(2725, 2, '', '', '', '', '', 0.00, 0.00, ''),
(2726, 2, '', '', '', '', '', 0.00, 0.00, ''),
(2727, 2, '', '', '', '', '', 0.00, 0.00, ''),
(2728, 2, '', '', '', '', '', 0.00, 0.00, ''),
(2729, 2, '', '', '', '', '', 0.00, 0.00, ''),
(2730, 2, '', '', '', '', '', 0.00, 0.00, ''),
(2731, 2, '', '', '', '', '', 0.00, 0.00, ''),
(2732, 2, '', '', '', '', '', 0.00, 0.00, ''),
(2733, 2, '', '', '', '', '', 0.00, 0.00, ''),
(2734, 2, '', '', '', '', '', 0.00, 0.00, ''),
(2735, 2, '', '', '', '', '', 0.00, 0.00, ''),
(2736, 2, '', '', '', '', '', 0.00, 0.00, ''),
(2737, 2, '', '', '', '', '', 0.00, 0.00, ''),
(2738, 2, '', '', '', '', '', 0.00, 0.00, ''),
(2739, 2, '', '', '', '', '', 0.00, 0.00, ''),
(2740, 2, '', '', '', '', '', 0.00, 0.00, ''),
(2741, 2, '', '', '', '', '', 0.00, 0.00, ''),
(2742, 2, '', '', '', '', '', 0.00, 0.00, ''),
(2743, 2, '', '', '', '', '', 0.00, 0.00, ''),
(2744, 2, '', '', '', '', '', 0.00, 0.00, ''),
(2745, 2, '', '', '', '', '', 0.00, 0.00, ''),
(2746, 2, '', '', '', '', '', 0.00, 0.00, ''),
(2747, 2, '', '', '', '', '', 0.00, 0.00, ''),
(2748, 2, '', '', '', '', '', 0.00, 0.00, ''),
(2749, 2, '', '', '', '', '', 0.00, 0.00, ''),
(2750, 2, '', '', '', '', '', 0.00, 0.00, ''),
(2751, 2, '', '', '', '', '', 0.00, 0.00, ''),
(2752, 2, '', '', '', '', '', 0.00, 0.00, ''),
(2753, 2, '', '', '', '', '', 0.00, 0.00, ''),
(2754, 2, '', '', '', '', '', 0.00, 0.00, ''),
(2755, 2, '', '', '', '', '', 0.00, 0.00, ''),
(2756, 2, '', '', '', '', '', 0.00, 0.00, ''),
(2757, 2, '', '', '', '', '', 0.00, 0.00, ''),
(2758, 2, '', '', '', '', '', 0.00, 0.00, ''),
(2759, 2, '', '', '', '', '', 0.00, 0.00, ''),
(2760, 2, '', '', '', '', '', 0.00, 0.00, ''),
(2761, 2, '', '', '', '', '', 0.00, 0.00, ''),
(2762, 2, '', '', '', '', '', 0.00, 0.00, ''),
(2763, 2, '', '', '', '', '', 0.00, 0.00, ''),
(2764, 2, '', '', '', '', '', 0.00, 0.00, ''),
(2765, 2, '', '', '', '', '', 0.00, 0.00, ''),
(2766, 2, '', '', '', '', '', 0.00, 0.00, ''),
(2767, 2, '', '', '', '', '', 0.00, 0.00, ''),
(2768, 2, '', '', '', '', '', 0.00, 0.00, ''),
(2769, 2, '', '', '', '', '', 0.00, 0.00, ''),
(2770, 2, '', '', '', '', '', 0.00, 0.00, ''),
(2771, 2, '', '', '', '', '', 0.00, 0.00, ''),
(2772, 2, '', '', '', '', '', 0.00, 0.00, ''),
(2773, 2, '', '', '', '', '', 0.00, 0.00, ''),
(2774, 2, '', '', '', '', '', 0.00, 0.00, ''),
(2775, 2, '', '', '', '', '', 0.00, 0.00, ''),
(2776, 2, '', '', '', '', '', 0.00, 0.00, ''),
(2777, 2, '', '', '', '', '', 0.00, 0.00, ''),
(2778, 2, '', '', '', '', '', 0.00, 0.00, ''),
(2779, 2, '', '', '', '', '', 0.00, 0.00, ''),
(2780, 2, '', '', '', '', '', 0.00, 0.00, ''),
(2781, 2, '', '', '', '', '', 0.00, 0.00, ''),
(2782, 2, '', '', '', '', '', 0.00, 0.00, ''),
(2783, 2, '', '', '', '', '', 0.00, 0.00, ''),
(2784, 2, '', '', '', '', '', 0.00, 0.00, ''),
(2785, 2, '', '', '', '', '', 0.00, 0.00, ''),
(2786, 2, '', '', '', '', '', 0.00, 0.00, ''),
(2787, 2, '', '', '', '', '', 0.00, 0.00, ''),
(2788, 2, '', '', '', '', '', 0.00, 0.00, ''),
(2789, 2, '', '', '', '', '', 0.00, 0.00, ''),
(2790, 2, '', '', '', '', '', 0.00, 0.00, ''),
(2791, 2, '', '', '', '', '', 0.00, 0.00, ''),
(2792, 2, '', '', '', '', '', 0.00, 0.00, ''),
(2793, 2, '', '', '', '', '', 0.00, 0.00, ''),
(2794, 2, '', '', '', '', '', 0.00, 0.00, ''),
(2795, 2, '', '', '', '', '', 0.00, 0.00, ''),
(2796, 2, '', '', '', '', '', 0.00, 0.00, ''),
(2797, 2, '', '', '', '', '', 0.00, 0.00, ''),
(2798, 2, '', '', '', '', '', 0.00, 0.00, ''),
(2799, 2, '', '', '', '', '', 0.00, 0.00, ''),
(2800, 2, '', '', '', '', '', 0.00, 0.00, ''),
(2801, 2, '', '', '', '', '', 0.00, 0.00, ''),
(2802, 2, '', '', '', '', '', 0.00, 0.00, ''),
(2803, 2, '', '', '', '', '', 0.00, 0.00, ''),
(2804, 2, '', '', '', '', '', 0.00, 0.00, ''),
(2805, 2, '', '', '', '', '', 0.00, 0.00, ''),
(2806, 2, '', '', '', '', '', 0.00, 0.00, ''),
(2807, 2, '', '', '', '', '', 0.00, 0.00, ''),
(2808, 2, '', '', '', '', '', 0.00, 0.00, ''),
(2809, 2, '', '', '', '', '', 0.00, 0.00, ''),
(2810, 2, '', '', '', '', '', 0.00, 0.00, ''),
(2811, 2, '', '', '', '', '', 0.00, 0.00, ''),
(2812, 2, '', '', '', '', '', 0.00, 0.00, ''),
(2813, 2, '', '', '', '', '', 0.00, 0.00, ''),
(2814, 2, '', '', '', '', '', 0.00, 0.00, '');

-- --------------------------------------------------------

--
-- Table structure for table `projects`
--

CREATE TABLE `projects` (
  `id` int(11) NOT NULL,
  `name` varchar(100) NOT NULL,
  `status` enum('design_pending','design_approved','draft_review','final_review','completed') NOT NULL,
  `created_at` timestamp NOT NULL DEFAULT current_timestamp(),
  `project_date` date NOT NULL,
  `comment` text DEFAULT NULL,
  `pdf_file_path` varchar(255) DEFAULT NULL,
  `current_draft` int(11) NOT NULL DEFAULT 1,
  `updated_at` timestamp NOT NULL DEFAULT current_timestamp() ON UPDATE current_timestamp()
) ENGINE=InnoDB DEFAULT CHARSET=utf8mb4 COLLATE=utf8mb4_general_ci;

--
-- Dumping data for table `projects`
--

INSERT INTO `projects` (`id`, `name`, `status`, `created_at`, `project_date`, `comment`, `pdf_file_path`, `current_draft`, `updated_at`) VALUES
(1, 'Black friday 2024', 'design_pending', '2024-11-23 10:43:38', '2024-11-28', 'running from 28th to 30th November 2024', 'uploads/pdfs/Black friday flyer compress _ final2_compressed (1).pdf', 4, '2024-11-27 09:21:03'),
(2, 'November monthend promo', 'design_pending', '2024-11-26 10:08:29', '2024-11-11', 'date: from 23 th june to 12th month 2024', 'uploads/pdfs/timing poster.pdf', 3, '2024-11-27 10:59:49'),
(3, 'Christmass promotion', 'design_pending', '2024-11-27 10:27:03', '2024-12-10', '', NULL, 1, '2024-11-27 10:27:03');

-- --------------------------------------------------------

--
-- Table structure for table `project_checks`
--

CREATE TABLE `project_checks` (
  `id` int(11) NOT NULL,
  `project_id` int(11) NOT NULL,
  `user_id` int(11) NOT NULL,
  `check_date` timestamp NOT NULL DEFAULT current_timestamp(),
  `status` enum('checked','pending','rejected') NOT NULL DEFAULT 'pending',
  `draft_number` int(11) NOT NULL DEFAULT 1
) ENGINE=InnoDB DEFAULT CHARSET=utf8mb4 COLLATE=utf8mb4_general_ci;

--
-- Dumping data for table `project_checks`
--

INSERT INTO `project_checks` (`id`, `project_id`, `user_id`, `check_date`, `status`, `draft_number`) VALUES
(1, 1, 3, '2024-11-26 09:09:39', 'rejected', 2),
(3, 1, 4, '2024-11-26 10:16:32', 'checked', 3),
(4, 2, 3, '2024-11-26 10:17:23', 'checked', 1),
(5, 1, 3, '2024-11-26 10:23:14', 'checked', 3),
(6, 1, 3, '2024-11-26 10:28:19', 'checked', 4);

-- --------------------------------------------------------

--
-- Table structure for table `project_views`
--

CREATE TABLE `project_views` (
  `user_id` int(11) NOT NULL,
  `last_viewed` timestamp NOT NULL DEFAULT current_timestamp()
) ENGINE=InnoDB DEFAULT CHARSET=utf8mb4 COLLATE=utf8mb4_general_ci;

--
-- Dumping data for table `project_views`
--

INSERT INTO `project_views` (`user_id`, `last_viewed`) VALUES
(1, '2024-11-27 10:59:57');

-- --------------------------------------------------------

--
-- Table structure for table `users`
--

CREATE TABLE `users` (
  `id` int(11) NOT NULL,
  `username` varchar(50) NOT NULL,
  `password` varchar(255) NOT NULL,
  `role` enum('designer','proof_reader','management') NOT NULL
) ENGINE=InnoDB DEFAULT CHARSET=utf8mb4 COLLATE=utf8mb4_general_ci;

--
-- Dumping data for table `users`
--

INSERT INTO `users` (`id`, `username`, `password`, `role`) VALUES
(1, 'Pervious Chileya', '$2y$10$9CBgJxN6O0nGj8a7acOOEOESwfWOLeAnxCa.jk572JIYsiiKzmbQy', 'management'),
(2, 'Perviousch', '$2y$10$CBSZISCrk9mFcfPl6ZvtberyV7JH4G3c3gw/pFXAGtf8mefqE8ax2', 'designer'),
(3, 'Perviousch1', '$2y$10$31dMI03X8WnduYuYDL9VluS73L3oWrFNc/.GcwpdJYTmTphB7b1g2', 'proof_reader'),
(4, 'Perviousch2', '$2y$10$LxFUgXjGPbMPo6zHpWyPV.16Gki2REWmdIYYOmy5G.w/ucVvMPF2i', 'proof_reader');

-- --------------------------------------------------------

--
-- Table structure for table `viewed_messages`
--

CREATE TABLE `viewed_messages` (
  `id` int(11) NOT NULL,
  `user_id` int(11) NOT NULL,
  `message_id` int(11) NOT NULL,
  `viewed_at` timestamp NOT NULL DEFAULT current_timestamp()
) ENGINE=InnoDB DEFAULT CHARSET=utf8mb4 COLLATE=utf8mb4_general_ci;

--
-- Dumping data for table `viewed_messages`
--

INSERT INTO `viewed_messages` (`id`, `user_id`, `message_id`, `viewed_at`) VALUES
(1, 1, 5, '2024-11-27 10:10:22'),
(2, 1, 4, '2024-11-27 10:10:25'),
(3, 1, 7, '2024-11-27 10:10:34'),
(4, 1, 9, '2024-11-27 10:10:41'),
(5, 1, 8, '2024-11-27 10:10:45'),
(6, 1, 6, '2024-11-27 10:10:49'),
(7, 1, 2, '2024-11-27 10:10:50'),
(8, 1, 3, '2024-11-27 10:10:50'),
(9, 1, 1, '2024-11-27 10:10:51'),
(10, 1, 10, '2024-11-27 10:11:10'),
(11, 1, 13, '2024-11-27 10:30:56');

--
-- Indexes for dumped tables
--

--
-- Indexes for table `approvals`
--
ALTER TABLE `approvals`
  ADD PRIMARY KEY (`id`),
  ADD KEY `user_id` (`user_id`),
  ADD KEY `project_id` (`project_id`),
  ADD KEY `design_id` (`design_id`),
  ADD KEY `draft_id` (`draft_id`);

--
-- Indexes for table `chat_messages`
--
ALTER TABLE `chat_messages`
  ADD PRIMARY KEY (`id`),
  ADD KEY `project_id` (`project_id`),
  ADD KEY `user_id` (`user_id`);

--
-- Indexes for table `check_views`
--
ALTER TABLE `check_views`
  ADD PRIMARY KEY (`user_id`);

--
-- Indexes for table `comments`
--
ALTER TABLE `comments`
  ADD PRIMARY KEY (`id`),
  ADD KEY `user_id` (`user_id`),
  ADD KEY `project_id` (`project_id`),
  ADD KEY `design_id` (`design_id`),
  ADD KEY `draft_id` (`draft_id`);

--
-- Indexes for table `designs`
--
ALTER TABLE `designs`
  ADD PRIMARY KEY (`id`),
  ADD KEY `project_id` (`project_id`);

--
-- Indexes for table `drafts`
--
ALTER TABLE `drafts`
  ADD PRIMARY KEY (`id`),
  ADD KEY `project_id` (`project_id`);

--
-- Indexes for table `flyer_data`
--
ALTER TABLE `flyer_data`
  ADD PRIMARY KEY (`id`),
  ADD KEY `project_id` (`project_id`);

--
-- Indexes for table `message_views`
--
ALTER TABLE `message_views`
  ADD PRIMARY KEY (`user_id`);

--
-- Indexes for table `product_data`
--
ALTER TABLE `product_data`
  ADD PRIMARY KEY (`id`),
  ADD KEY `project_id` (`project_id`);

--
-- Indexes for table `projects`
--
ALTER TABLE `projects`
  ADD PRIMARY KEY (`id`);

--
-- Indexes for table `project_checks`
--
ALTER TABLE `project_checks`
  ADD PRIMARY KEY (`id`),
  ADD UNIQUE KEY `unique_check` (`project_id`,`user_id`,`draft_number`),
  ADD KEY `user_id` (`user_id`);

--
-- Indexes for table `project_views`
--
ALTER TABLE `project_views`
  ADD PRIMARY KEY (`user_id`);

--
-- Indexes for table `users`
--
ALTER TABLE `users`
  ADD PRIMARY KEY (`id`),
  ADD UNIQUE KEY `username` (`username`);

--
-- Indexes for table `viewed_messages`
--
ALTER TABLE `viewed_messages`
  ADD PRIMARY KEY (`id`),
  ADD UNIQUE KEY `unique_view` (`user_id`,`message_id`),
  ADD KEY `message_id` (`message_id`);

--
-- AUTO_INCREMENT for dumped tables
--

--
-- AUTO_INCREMENT for table `approvals`
--
ALTER TABLE `approvals`
  MODIFY `id` int(11) NOT NULL AUTO_INCREMENT;

--
-- AUTO_INCREMENT for table `chat_messages`
--
ALTER TABLE `chat_messages`
  MODIFY `id` int(11) NOT NULL AUTO_INCREMENT, AUTO_INCREMENT=14;

--
-- AUTO_INCREMENT for table `comments`
--
ALTER TABLE `comments`
  MODIFY `id` int(11) NOT NULL AUTO_INCREMENT;

--
-- AUTO_INCREMENT for table `designs`
--
ALTER TABLE `designs`
  MODIFY `id` int(11) NOT NULL AUTO_INCREMENT;

--
-- AUTO_INCREMENT for table `drafts`
--
ALTER TABLE `drafts`
  MODIFY `id` int(11) NOT NULL AUTO_INCREMENT;

--
-- AUTO_INCREMENT for table `product_data`
--
ALTER TABLE `product_data`
  MODIFY `id` int(11) NOT NULL AUTO_INCREMENT, AUTO_INCREMENT=2815;

--
-- AUTO_INCREMENT for table `projects`
--
ALTER TABLE `projects`
  MODIFY `id` int(11) NOT NULL AUTO_INCREMENT, AUTO_INCREMENT=4;

--
-- AUTO_INCREMENT for table `project_checks`
--
ALTER TABLE `project_checks`
  MODIFY `id` int(11) NOT NULL AUTO_INCREMENT, AUTO_INCREMENT=7;

--
-- AUTO_INCREMENT for table `users`
--
ALTER TABLE `users`
  MODIFY `id` int(11) NOT NULL AUTO_INCREMENT, AUTO_INCREMENT=5;

--
-- AUTO_INCREMENT for table `viewed_messages`
--
ALTER TABLE `viewed_messages`
  MODIFY `id` int(11) NOT NULL AUTO_INCREMENT, AUTO_INCREMENT=12;

--
-- Constraints for dumped tables
--

--
-- Constraints for table `approvals`
--
ALTER TABLE `approvals`
  ADD CONSTRAINT `approvals_ibfk_1` FOREIGN KEY (`user_id`) REFERENCES `users` (`id`),
  ADD CONSTRAINT `approvals_ibfk_2` FOREIGN KEY (`project_id`) REFERENCES `projects` (`id`),
  ADD CONSTRAINT `approvals_ibfk_3` FOREIGN KEY (`design_id`) REFERENCES `designs` (`id`),
  ADD CONSTRAINT `approvals_ibfk_4` FOREIGN KEY (`draft_id`) REFERENCES `drafts` (`id`);

--
-- Constraints for table `chat_messages`
--
ALTER TABLE `chat_messages`
  ADD CONSTRAINT `chat_messages_ibfk_1` FOREIGN KEY (`project_id`) REFERENCES `projects` (`id`),
  ADD CONSTRAINT `chat_messages_ibfk_2` FOREIGN KEY (`user_id`) REFERENCES `users` (`id`);

--
-- Constraints for table `comments`
--
ALTER TABLE `comments`
  ADD CONSTRAINT `comments_ibfk_1` FOREIGN KEY (`user_id`) REFERENCES `users` (`id`),
  ADD CONSTRAINT `comments_ibfk_2` FOREIGN KEY (`project_id`) REFERENCES `projects` (`id`),
  ADD CONSTRAINT `comments_ibfk_3` FOREIGN KEY (`design_id`) REFERENCES `designs` (`id`),
  ADD CONSTRAINT `comments_ibfk_4` FOREIGN KEY (`draft_id`) REFERENCES `drafts` (`id`);

--
-- Constraints for table `designs`
--
ALTER TABLE `designs`
  ADD CONSTRAINT `designs_ibfk_1` FOREIGN KEY (`project_id`) REFERENCES `projects` (`id`);

--
-- Constraints for table `drafts`
--
ALTER TABLE `drafts`
  ADD CONSTRAINT `drafts_ibfk_1` FOREIGN KEY (`project_id`) REFERENCES `projects` (`id`);

--
-- Constraints for table `flyer_data`
--
ALTER TABLE `flyer_data`
  ADD CONSTRAINT `flyer_data_ibfk_1` FOREIGN KEY (`project_id`) REFERENCES `projects` (`id`);

--
-- Constraints for table `product_data`
--
ALTER TABLE `product_data`
  ADD CONSTRAINT `product_data_ibfk_1` FOREIGN KEY (`project_id`) REFERENCES `projects` (`id`);

--
-- Constraints for table `project_checks`
--
ALTER TABLE `project_checks`
  ADD CONSTRAINT `project_checks_ibfk_1` FOREIGN KEY (`project_id`) REFERENCES `projects` (`id`),
  ADD CONSTRAINT `project_checks_ibfk_2` FOREIGN KEY (`user_id`) REFERENCES `users` (`id`);

--
-- Constraints for table `viewed_messages`
--
ALTER TABLE `viewed_messages`
  ADD CONSTRAINT `viewed_messages_ibfk_1` FOREIGN KEY (`user_id`) REFERENCES `users` (`id`),
  ADD CONSTRAINT `viewed_messages_ibfk_2` FOREIGN KEY (`message_id`) REFERENCES `chat_messages` (`id`);
COMMIT;

/*!40101 SET CHARACTER_SET_CLIENT=@OLD_CHARACTER_SET_CLIENT */;
/*!40101 SET CHARACTER_SET_RESULTS=@OLD_CHARACTER_SET_RESULTS */;
/*!40101 SET COLLATION_CONNECTION=@OLD_COLLATION_CONNECTION */;
